loc_1,loc_2,2003년 11월,2003년 12월,2004년 01월,2004년 02월,2004년 03월,2004년 04월,2004년 05월,2004년 06월,2004년 07월,2004년 08월,2004년 09월,2004년 10월,2004년 11월,2004년 12월,2005년 01월,2005년 02월,2005년 03월,2005년 04월,2005년 05월,2005년 06월,2005년 07월,2005년 08월,2005년 09월,2005년 10월,2005년 11월,2005년 12월,2006년 01월,2006년 02월,2006년 03월,2006년 04월,2006년 05월,2006년 06월,2006년 07월,2006년 08월,2006년 09월,2006년 10월,2006년 11월,2006년 12월,2007년 01월,2007년 02월,2007년 03월,2007년 04월,2007년 05월,2007년 06월,2007년 07월,2007년 08월,2007년 09월,2007년 10월,2007년 11월,2007년 12월,2008년 01월,2008년 02월,2008년 03월,2008년 04월,2008년 05월,2008년 06월,2008년 07월,2008년 08월,2008년 09월,2008년 10월,2008년 11월,2008년 12월,2009년 01월,2009년 02월,2009년 03월,2009년 04월,2009년 05월,2009년 06월,2009년 07월,2009년 08월,2009년 09월,2009년 10월,2009년 11월,2009년 12월,2010년 01월,2010년 02월,2010년 03월,2010년 04월,2010년 05월,2010년 06월,2010년 07월,2010년 08월,2010년 09월,2010년 10월,2010년 11월,2010년 12월,2011년 01월,2011년 02월,2011년 03월,2011년 04월,2011년 05월,2011년 06월,2011년 07월,2011년 08월,2011년 09월,2011년 10월,2011년 11월,2011년 12월,2012년 01월,2012년 02월,2012년 03월,2012년 04월,2012년 05월,2012년 06월,2012년 07월,2012년 08월,2012년 09월,2012년 10월,2012년 11월,2012년 12월,2013년 01월,2013년 02월,2013년 03월,2013년 04월,2013년 05월,2013년 06월,2013년 07월,2013년 08월,2013년 09월,2013년 10월,2013년 11월,2013년 12월,2014년 01월,2014년 02월,2014년 03월,2014년 04월,2014년 05월,2014년 06월,2014년 07월,2014년 08월,2014년 09월,2014년 10월,2014년 11월,2014년 12월,2015년 01월,2015년 02월,2015년 03월,2015년 04월,2015년 05월,2015년 06월,2015년 07월,2015년 08월,2015년 09월,2015년 10월,2015년 11월,2015년 12월,2016년 01월,2016년 02월,2016년 03월,2016년 04월,2016년 05월,2016년 06월,2016년 07월,2016년 08월,2016년 09월,2016년 10월,2016년 11월,2016년 12월,2017년 01월,2017년 02월,2017년 03월,2017년 04월,2017년 05월,2017년 06월,2017년 07월,2017년 08월,2017년 09월,2017년 10월,2017년 11월,2017년 12월,2018년 01월,2018년 02월,2018년 03월,2018년 04월,2018년 05월,2018년 06월,2018년 07월,2018년 08월,2018년 09월,2018년 10월,2018년 11월,2018년 12월,2019년 01월,2019년 02월,2019년 03월,2019년 04월,2019년 05월,2019년 06월,2019년 07월,2019년 08월,2019년 09월,2019년 10월,2019년 11월,2019년 12월,2020년 01월,2020년 02월,2020년 03월,2020년 04월,2020년 05월,2020년 06월,2020년 07월,2020년 08월,2020년 09월,2020년 10월
서울,종로구,64.318,64.182,64.026,64.376,64.423,65.069,65.117,65.098,65.116,65.014,65.042,65.042,64.979,64.946,65.184,65.653,66.071,66.106,66.24,66.5,66.482,66.88,67.846,68.219,68.213,68.522,68.522,68.991,69.909,69.967,69.973,70.202,69.98,70.154,70.826,71.817,74.949,76.367,77.416,77.988,78.26,78.437,78.555,79.049,79.325,79.4,79.66,79.83,79.947,80.471,81.077,81.469,82.194,83.856,84.012,84.458,85.601,86.206,87.312,87.815,89.135,88.822,88.747,88.545,89.003,89.937,90.03,90.275,90.193,90.511,91.709,92.425,92.311,92.399,92.556,92.716,92.786,92.712,92.647,92.673,92.453,92.118,92.08,92.039,92.074,92.011,92.011,92.104,92.656,92.661,92.537,92.636,92.522,93.044,93.044,93.052,92.961,92.928,92.928,92.928,92.928,92.928,92.928,92.879,92.879,93.012,92.939,92.672,92.617,92.613,92.613,92.613,92.533,92.506,92.424,92.116,91.905,91.724,91.689,91.875,91.943,91.987,92.004,92.115,92.125,92.066,92.02,91.951,91.931,91.95,92.196,92.237,92.235,92.201,92.222,92.251,92.472,92.904,93.168,93.399,93.571,93.752,93.917,94.065,94.337,94.441,94.487,94.501,94.531,94.581,94.723,94.9,95.162,95.486,95.675,96.001,96.362,96.548,96.68,96.752,96.985,97.29,97.514,97.973,98.509,99.189,99.305,99.583,100,100.224,101.005,101.976,102.622,103.422,103.995,104.6,105.282,106.094,107.165,108.116,108.47,108.523,108.457,108.38,108.375,108.341,108.274,108.254,108.197,108.317,108.548,108.824,109.095,109.831,110.515,110.626,110.726,110.696,110.581,110.649,111.54,111.996,112.271,112.306
서울,중구,70.188,69.517,69.592,69.871,70.11,70.374,70.397,70.424,70.089,70.115,69.612,69.535,69.259,69.259,70.133,70.571,70.767,70.944,71.039,71.075,72.708,73.133,73.582,74.083,73.694,73.479,73.997,74.145,75.042,75.854,76.154,77.007,77.57,77.859,78.308,81.524,83.924,86.767,88.307,89.14,89.483,89.567,90.095,90.18,90.747,90.897,91.481,92.212,92.187,92.501,93.708,94.116,94.719,95.944,97.07,97.648,97.67,97.744,97.744,97.515,96.817,96.103,95.248,95.738,96.255,96.392,96.847,97.288,97.696,97.696,98.712,98.751,98.524,98.524,98.477,98.958,99.159,99.101,98.917,98.768,98.523,98.321,98.237,98.262,98.291,98.477,98.518,98.646,98.779,98.801,98.801,98.801,98.727,98.542,98.517,98.517,98.484,98.322,98.322,98.275,97.485,97.395,96.866,95.22,94.499,93.735,92.5,91.982,91.55,90.992,90.778,90.824,90.438,90.477,90.858,91.093,90.342,89.541,89.508,89.759,89.745,89.996,90.137,90.072,90.333,90.242,90.277,90.2,90.262,90.292,90.442,90.703,91.043,91.185,91.301,91.68,92.124,92.667,92.893,93.266,93.471,93.707,93.993,94.51,94.761,95.134,95.199,95.259,95.293,95.346,95.441,95.586,95.755,96.067,96.26,96.473,96.742,96.83,96.876,96.912,97.032,97.209,97.446,97.985,98.488,99.079,99.245,99.497,100,100.65,101.192,102.438,103.749,104.494,105.213,105.83,106.597,107.915,109.504,110.438,110.828,111.07,110.843,110.57,110.312,110.126,109.989,109.919,109.953,110.173,110.413,111.09,111.683,112.146,112.37,112.507,112.629,112.604,112.537,112.542,113.336,113.802,114.033,114.151
서울,용산구,58.091,57.811,58.115,58.926,59.512,60.798,61.414,62.302,62.82,61.911,62.278,62.44,62.345,61.992,62.485,62.763,63.782,65.13,66.44,67.733,70.231,70.68,70.955,70.972,70.977,71.222,72.035,73.594,74.815,78.664,81.348,82.683,83.228,83.517,83.87,85.431,88.897,91.576,92.991,93.356,93.502,93.965,93.889,95.221,95.674,96.158,96.73,97.659,98.473,98.94,99.542,100.597,101.74,103.253,103.888,104.675,105.768,106.075,106.379,106.591,105.519,103.24,102.247,101.964,101.515,101.531,101.675,101.997,102.663,102.844,103.768,104.114,104.404,104.58,104.603,104.684,104.811,104.907,104.808,104.308,104.504,103.893,103.541,103.332,102.762,102.857,102.929,103.056,103.518,103.478,103.446,103.414,103.392,103.236,103.027,102.861,102.803,102.622,102.622,102.497,102.06,101.907,101.849,101.667,101.403,100.752,100.081,99.192,98.3,97.931,97.589,97.318,96.959,95.761,95.417,95.151,94.75,94.152,93.821,93.472,93.316,93.1,92.693,92.291,92.089,91.97,91.772,91.67,91.589,91.503,91.528,91.758,91.833,91.772,91.75,91.855,92.026,92.204,92.382,92.527,92.733,92.907,93.115,93.4,93.669,93.778,93.83,93.864,93.902,94.04,94.155,94.382,94.725,95.023,95.289,95.763,96.189,96.389,96.569,96.626,96.866,97.215,97.61,98.318,98.875,99.563,99.624,99.761,100,100.215,101.625,104.537,105.992,106.495,106.906,107.223,107.87,109.771,111.348,111.63,111.581,111.277,110.758,110.429,110.054,109.702,109.529,109.382,109.455,109.625,109.862,110.4,111.063,111.887,112.236,112.402,112.505,112.44,112.255,112.319,113.16,113.775,114.152,114.261
서울,성동구,58.861,58.625,58.825,59.463,59.946,60.615,61.059,61.485,61.413,61.53,61.673,61.674,61.58,61.468,61.284,61.512,61.719,62.38,63.036,63.409,65.803,67.073,67.177,67.535,68.12,68.538,68.886,69.837,70.607,71.577,72.802,73.759,74.434,75.108,75.287,77.075,81.174,84.292,85.664,87.147,87.595,88.054,88.138,88.428,88.469,88.573,88.901,88.95,89.313,89.662,89.574,89.777,91.002,91.715,92.283,92.55,93.115,93.116,93.489,93.438,93.264,92.513,92.154,91.933,91.875,92.11,92.054,92.12,92.129,92.177,92.485,92.498,92.564,92.569,92.588,92.711,92.715,92.691,92.39,92.526,92.302,92.221,92.205,91.954,91.718,91.725,91.813,91.914,91.99,92.05,92.126,92.101,92.059,91.949,91.979,92.106,92.083,92.065,91.75,91.601,91.083,90.919,90.659,90.192,89.786,88.984,88.364,87.563,86.583,85.64,85.191,84.762,84.324,83.927,84.619,84.844,84.676,84.467,84.271,84.785,84.986,85.097,85.681,86.344,86.839,87.018,86.966,86.971,86.871,86.864,86.975,87.164,87.216,87.272,87.365,87.778,88.322,89.191,89.718,90.289,91.005,91.917,92.618,93.529,94.242,94.598,94.619,94.67,94.706,94.782,94.864,94.966,95.004,95.225,95.475,95.968,96.417,96.564,96.542,96.507,96.53,96.761,97.368,98.394,99.212,99.563,99.2,99.317,100,101.593,103.351,105.544,106.693,106.872,106.699,106.815,107.347,108.265,110.228,110.607,110.694,110.56,110.308,110.058,109.651,109.091,108.253,107.849,107.89,108.119,108.469,109.224,110.077,111.039,111.369,111.54,111.695,111.671,111.595,111.782,112.813,113.5,113.787,113.925
서울,광진구,67.122,67.397,67.384,67.676,68.227,69.029,69.233,69.466,69.435,69.458,69.427,69.319,69.295,69.131,68.91,69.075,69.514,69.798,70.073,70.479,70.971,71.425,71.498,71.519,71.718,72.069,72.45,73.321,73.729,74.998,76.603,77.822,78.543,79.355,80.673,83.542,88.183,91.56,95.337,95.519,95.727,95.604,95.182,95.047,94.855,94.952,95.353,95.437,95.54,95.589,95.758,95.844,96.24,96.714,97.454,97.542,97.671,97.754,97.747,97.825,96.819,93.295,92.592,92.453,92.434,92.283,92.147,92.187,92.615,93.049,93.751,93.844,94.345,94.384,94.48,94.757,94.902,94.921,94.842,94.722,94.616,94.458,94.416,94.356,93.925,93.983,94.216,94.547,94.581,94.589,94.635,94.615,94.587,94.567,94.545,94.559,94.534,94.463,94.195,94.195,93.986,93.733,93.292,92.804,92.556,92.31,91.957,91.445,90.533,90.046,89.202,88.732,88.214,88.138,87.327,86.942,86.512,85.975,85.863,86.032,86.184,86.156,86.421,86.697,86.958,86.93,86.922,86.892,86.784,86.698,86.883,87.207,87.459,87.621,87.803,88.053,88.391,88.891,89.468,89.782,90.324,91.115,91.911,92.676,93.461,94.025,94.05,94.082,94.073,94.126,94.181,94.257,94.377,94.618,94.854,95.279,95.812,96.097,96.114,96.108,96.108,96.167,96.679,97.532,98.162,98.792,98.923,99.39,100,101.568,103.493,105.275,106.603,107.119,107.452,107.325,107.321,107.497,108.652,108.979,109.166,109.044,108.847,108.518,108.276,108.048,107.985,107.943,108.029,108.205,108.444,109.263,109.794,110.515,110.791,110.834,110.831,110.778,110.665,110.851,111.727,112.275,112.672,112.822
서울,동대문구,61.37,61.039,61.04,61.355,61.491,61.721,62.025,61.677,62.037,61.952,61.786,61.572,61.559,61.53,61.51,61.695,61.96,61.985,62.485,62.414,62.861,62.958,63.132,63.226,63.283,63.4,63.4,63.5,63.642,63.85,64.281,64.358,64.396,64.965,65.069,65.388,67.796,69.694,71.727,72.544,72.903,74.023,74.57,75.105,75.938,76.412,76.857,77.521,78.66,78.938,79.272,79.854,81.288,84.421,86.034,87.397,88.966,88.996,89.665,89.783,89.824,89.436,89.132,88.822,88.847,88.847,88.916,89.119,89.18,89.217,90.558,90.634,90.608,90.636,90.787,90.812,90.944,92.601,92.525,92.779,92.488,92.367,92.314,92.289,92.187,92.218,92.179,92.257,92.472,92.415,92.382,92.349,92.301,92.417,92.319,92.22,91.999,91.977,91.466,91.44,91.307,90.753,90.177,89.945,89.965,89.72,89.44,88.83,88.127,87.425,86.686,86.222,86.046,85.595,85.841,85.684,85.225,84.86,84.709,85.105,85.272,85.363,86.006,86.48,86.759,86.884,86.868,86.737,86.627,86.617,86.785,86.96,87.15,87.164,87.242,87.487,88.056,88.566,89.023,89.682,90.604,91.309,92.549,93.779,94.571,95.188,95.192,95.263,95.288,95.419,95.535,95.634,95.838,96.113,96.321,96.917,97.345,97.47,97.492,97.475,97.511,97.825,98.339,98.94,99.257,99.544,99.697,99.799,100,100.162,100.504,101.059,101.543,102.014,102.407,103.043,103.734,104.785,106.265,107.118,107.368,107.146,106.754,106.469,105.907,105.566,105.4,105.2,105.137,105.271,105.458,105.981,106.562,107.34,107.744,108.101,108.362,108.409,108.281,108.514,109.885,110.572,111.139,111.296
서울,중랑구,64.855,64.519,64.233,64.376,64.61,64.621,64.622,64.225,63.884,63.685,63.64,63.422,63.278,63.054,62.607,62.562,62.625,62.781,62.771,62.57,62.451,62.536,62.639,62.663,62.606,62.457,62.409,62.443,62.714,62.998,63.148,63.232,63.26,63.49,63.758,64.278,67.414,69.313,71.529,72.121,72.445,73.378,73.789,74.177,74.954,75.303,76.589,77.265,78.166,79.058,79.799,80.237,83.408,88.273,92.127,94.647,96.69,97.576,98.294,98.311,98.235,97.877,97.684,97.449,97.245,97.102,96.96,96.812,96.933,97.083,97.465,97.676,97.662,97.955,97.966,98.064,98.054,98.032,97.944,97.856,97.864,97.664,97.648,97.633,97.728,97.805,97.882,98.069,98.207,98.716,98.701,98.669,98.611,98.536,98.451,98.455,98.416,98.27,98.018,98.179,98.511,97.504,96.68,95.769,95.413,95.242,95.094,94.926,94.033,93.317,92.894,92.208,92.071,91.951,92.513,92.356,92.052,91.935,92.15,92.55,92.664,92.321,92.443,92.494,92.734,92.967,92.757,92.646,92.486,92.384,92.457,92.53,92.627,92.666,92.715,92.838,92.974,93.121,93.348,93.594,94,94.354,94.811,95.525,96.475,97,97.139,97.243,97.25,97.291,97.387,97.429,97.46,97.586,97.709,97.95,98.272,98.349,98.34,98.341,98.363,98.488,98.789,99.114,99.396,99.677,99.705,99.822,100,100.118,100.322,100.603,100.932,101.073,101.398,101.838,102.376,102.732,103.826,104.383,104.519,104.499,104.357,104.204,104.005,103.845,103.774,103.704,103.646,103.696,103.8,104.126,104.525,104.798,105.009,105.196,105.39,105.503,105.524,105.581,106.548,107.229,107.768,107.973
서울,성북구,66.4,66.327,66.312,66.117,66.149,66.272,66.27,66.249,66.234,66.236,65.977,65.771,65.343,65.235,65.199,65.278,65.44,65.348,65.151,64.977,65.475,65.791,65.767,65.619,65.626,65.598,65.897,65.914,66.524,66.962,67.592,67.993,67.814,67.983,68.152,69.385,72.762,75.851,78.839,80.332,80.532,81.935,82.298,82.458,82.912,83.26,83.894,84.161,85.205,85.932,87.219,88.389,90.315,92.547,93.64,95.828,97.386,97.72,98.47,98.386,98.108,97.604,96.551,95.741,95.401,95.26,95.276,95.4,95.585,95.674,96.493,96.567,96.6,96.537,96.572,96.627,96.438,96.24,95.429,95.027,94.635,94.148,94.016,93.864,93.823,93.857,93.891,94.148,94.227,94.269,94.302,94.312,94.251,94.235,94.174,94.24,94.163,94.18,93.998,93.748,93.694,93.671,93.631,93.415,93.136,92.859,92.678,92.537,92.387,92.387,92.328,91.846,91.287,90.715,90.31,89.858,89.469,89.154,89.15,89.301,89.433,89.634,89.763,89.819,90.145,90.269,90.194,90.081,89.986,90.077,90.247,90.397,90.487,90.568,90.631,90.749,90.888,91.165,91.598,92.032,92.421,92.843,93.359,94.059,94.847,95.246,95.271,95.271,95.271,95.273,95.412,95.653,95.968,96.371,96.801,97.297,97.705,98.033,98.225,98.227,98.225,98.198,98.219,98.485,98.729,99.223,99.462,99.743,100,100.277,100.737,101.915,103.415,104.048,104.851,105.514,106.047,106.781,108.245,108.872,109.204,109.184,109.015,108.855,108.707,108.46,108.359,108.249,108.224,108.302,108.469,108.84,109.384,109.932,110.404,110.596,110.951,110.906,110.788,110.835,111.903,112.635,113.041,113.15
서울,강북구,58.557,58.245,58.007,58.067,58.1,58.225,58.502,58.372,58.278,58.033,57.577,57.329,57.118,56.974,56.642,56.65,56.768,56.72,56.71,56.655,56.761,56.877,57.098,57.335,57.045,56.915,56.844,56.706,56.894,57.012,57.257,57.36,57.439,57.554,58.276,58.84,61.816,64.529,66.339,67.911,69.179,70.269,70.677,71.67,73.261,73.757,75.409,76.403,81.617,83.671,85.478,87.579,88.467,93.879,96.453,99.424,101.345,102.397,103.029,103.173,103.007,101.174,100.861,100.371,99.648,99.546,99.47,99.38,99.355,99.729,100.172,100.35,100.433,100.442,100.898,101.028,101.536,101.207,100.435,100.204,99.618,99.618,99.618,99.088,98.588,98.406,98.394,98.429,98.39,98.39,98.43,98.381,98.273,98.024,97.732,97.738,97.592,97.444,97.352,97.308,96.964,95.888,95.843,95.624,95.444,95.333,94.972,94.585,93.525,92.191,91.575,91.344,91.024,90.785,90.913,90.722,90.303,90.023,89.812,90.151,90.231,90.278,90.358,90.428,90.58,90.664,90.614,90.538,90.496,90.541,90.748,91.068,91.199,91.285,91.302,91.538,91.877,92.3,92.594,93.023,93.321,93.697,94.779,95.638,96.317,96.672,96.693,96.693,96.703,96.727,96.802,96.922,97.105,97.487,97.695,97.931,98.282,98.372,98.372,98.357,98.358,98.351,98.548,98.898,99.184,99.508,99.624,99.817,100,100.4,100.946,101.255,101.714,101.98,102.55,103.24,104.14,105.326,107.198,108.121,108.477,108.644,108.461,108.428,108.322,108.299,108.284,108.28,108.366,108.532,108.82,109.237,109.552,109.854,110.351,110.739,111.204,111.561,111.557,111.747,113.553,114.357,114.725,114.894
서울,도봉구,62.278,62.063,61.772,61.984,62.239,62.457,62.371,62.311,62.224,62.067,61.9,61.848,61.705,61.404,61.279,61.375,61.493,61.685,61.782,61.8,61.901,62.263,62.561,62.698,62.958,63.008,63.127,63.16,63.366,63.594,63.644,63.648,63.687,63.734,63.921,64.363,67.498,71.327,75.041,75.543,76.097,77.132,77.743,78.338,79.172,80.639,81.134,81.508,82.223,82.629,83.834,84.782,86.998,93.143,97.834,102.593,103.932,105.281,106.145,106.094,105.599,104.461,103.849,103.178,101.413,101.217,101.097,101.281,102.498,103.272,104.388,104.832,104.734,104.662,104.598,104.6,104.553,104.392,103.738,102.496,101.629,100.31,99.962,99.712,99.582,99.269,99.287,99.567,99.627,99.666,99.759,99.717,99.617,99.437,99.394,99.365,99.309,99.2,98.972,98.929,98.794,98.668,98.116,97.426,96.726,95.797,95.302,93.688,92.234,91.342,90.485,89.173,88.847,88.88,88.834,88.56,88.012,87.601,87.626,88.139,88.206,88.601,89.036,89.203,89.595,89.699,89.527,89.43,89.578,89.622,89.74,90,90.082,90.298,90.476,90.619,90.842,91.086,91.426,91.875,92.399,92.93,93.706,94.17,95.01,95.345,95.394,95.483,95.52,95.626,95.711,95.863,96.032,96.217,96.409,96.693,97.247,97.411,97.425,97.367,97.378,97.556,97.996,98.678,99.165,99.571,99.663,99.787,100,100.143,100.472,100.792,101.066,101.233,101.402,101.682,101.958,102.471,104.264,105.188,105.369,105.273,105.152,104.868,104.381,104.132,103.947,103.831,103.886,104.036,104.232,104.616,105.039,105.573,105.837,106.176,106.594,106.882,106.863,107.003,108.491,109.259,109.515,109.724
서울,노원구,53.159,52.916,52.795,52.844,52.908,52.981,53.01,52.836,52.516,52.182,52.057,51.787,51.523,51.281,51.011,51.004,51.036,51.01,51.017,50.991,51.26,51.742,52.174,52.303,52.193,52.271,52.401,52.655,52.827,53.026,53.277,53.274,53.286,53.354,53.659,54.553,58.246,63.961,67.119,67.984,68.382,68.785,68.929,69.255,69.711,70.116,70.888,72.102,73.406,74.358,76.29,78.245,84.092,90.594,93.868,96.636,97.882,98.174,98.368,98.183,97.63,95.979,95.047,93.721,93.358,93.125,93.033,93.5,94.85,95.467,96.466,96.965,96.959,97.012,96.875,96.912,96.74,96.106,95.338,94.614,94.104,93.665,93.014,92.634,92.572,92.479,92.455,92.582,92.678,92.658,92.749,92.637,92.515,92.308,92.087,92.011,91.825,91.62,91.172,91.095,90.593,89.841,89.032,88.231,87.394,86.959,86.642,86.472,86.195,85.771,85.343,85.084,84.968,85.072,85.134,85.213,84.937,84.206,83.94,84.457,84.437,84.499,84.902,85.417,85.941,86.222,86.203,86.177,86.064,86.09,86.371,86.896,87.103,87.165,87.229,87.545,88.199,89.219,89.85,90.532,91.047,91.674,92.4,93.073,93.626,93.924,93.956,93.994,94.029,94.076,94.112,94.235,94.445,94.74,95.048,95.687,96.468,96.658,96.651,96.665,96.72,96.874,97.338,98.328,99.487,100.057,99.831,99.895,100,100.15,100.376,100.707,101.008,101.004,100.97,101.055,101.188,101.727,103.319,104.109,104.366,104.233,103.764,103.484,103.177,102.781,102.707,102.667,102.733,102.831,103.031,103.549,104.003,104.519,104.962,105.352,105.801,106.148,106.135,106.323,107.847,108.64,108.985,109.205
서울,은평구,66.694,66.504,66.381,66.642,66.441,66.923,66.961,67.238,67.33,66.949,67.335,67.293,67.55,67.542,67.744,67.954,68.088,68.266,68.449,68.393,68.55,68.9,69.068,69.354,69.712,69.742,69.536,69.985,70.063,70.194,70.477,70.808,71.083,71.334,72.457,74.869,78.741,81.543,82.788,83.089,83.419,84.028,83.928,84.11,84.392,84.735,85.247,85.554,86.167,86.268,87.25,87.624,88.482,90.193,91.143,93.572,95.338,96.868,98.261,98.952,98.593,98.331,98.161,98.063,97.705,97.504,97.2,97.333,97.316,97.285,97.822,98.043,97.859,97.528,97.528,97.508,97.105,96.945,96.808,95.834,94.786,94.219,93.522,93.324,93.186,93.213,93.258,93.361,93.42,93.383,93.285,93.241,93.158,92.843,92.82,92.669,92.614,92.553,92.553,92.215,91.961,91.88,91.261,91.009,90.923,90.711,90.622,90.499,90.437,90.237,90.094,89.792,89.531,88.899,88.681,88.303,88.062,87.952,87.888,88.147,88.563,88.634,88.653,88.711,88.967,89.003,89.119,89.254,89.152,89.283,89.586,89.717,89.882,90.013,90.483,90.617,90.922,91.286,91.432,91.72,92.043,92.503,92.906,93.326,93.798,94.025,94.096,94.158,94.168,94.237,94.474,94.698,95.011,95.25,95.578,96.044,96.523,96.751,96.907,97.152,97.396,97.737,98.089,98.727,99.12,99.504,99.635,99.758,100,100.174,100.483,100.932,101.292,101.506,101.894,102.408,102.945,104.263,105.971,106.698,106.76,106.808,106.563,106.472,106.065,105.896,105.812,105.725,105.806,105.888,106.079,106.48,106.949,107.588,107.894,108.068,108.254,108.239,108.222,108.27,109.289,109.935,110.436,110.609
서울,서대문구,62.956,63.404,63.491,63.807,63.858,63.982,64.03,64.078,64.039,63.943,63.887,63.909,63.887,63.69,63.353,63.263,63.359,63.413,63.533,63.6,63.748,63.809,63.818,63.781,63.69,63.703,63.976,63.94,64.259,64.644,65.021,65.374,65.508,65.559,66.103,67.459,69.949,72.017,73.451,74.352,74.621,75.581,75.92,75.941,76.485,76.738,77.044,77.701,78.986,79.566,79.941,80.8,82.088,84.308,86.435,89.236,90.263,91.229,91.753,92.174,92.042,91.698,91.546,91.299,91.198,90.978,90.612,90.613,90.463,90.534,91.84,92.313,92.307,92.559,92.529,92.612,92.63,92.65,92.618,92.448,92.256,91.714,91.675,91.497,91.329,91.369,91.461,91.533,91.707,91.74,91.812,91.74,91.683,91.632,91.532,91.524,91.513,91.446,91.446,90.972,90.73,90.701,90.404,90.219,89.841,89.642,89.058,88.369,88.525,88.454,88.392,88.282,88.036,88.331,88.441,88.337,88.159,87.652,87.582,88.081,88.324,88.623,89.144,89.354,89.556,89.933,89.873,89.855,89.9,89.944,90.22,90.295,90.34,90.386,90.427,90.569,90.895,91.258,91.442,91.828,92.144,92.379,92.796,93.384,93.755,94.048,94.209,94.291,94.331,94.428,94.646,94.955,95.222,95.718,96.07,96.533,96.984,97.225,97.387,97.475,97.698,97.972,98.269,98.755,99.157,99.447,99.593,99.769,100,100.323,100.632,101.513,102.289,103.004,103.687,104.524,105.075,105.776,106.916,107.597,107.71,107.7,107.525,107.359,107.198,107.033,106.829,106.727,106.744,106.92,107.037,107.472,108.091,108.633,108.918,109.091,109.246,109.225,109.148,109.161,110.079,110.741,111.158,111.32
서울,마포구,61.416,60.848,60.786,60.991,61.174,61.786,61.907,62.105,61.878,61.596,61.015,60.688,60.364,59.882,59.61,60.368,60.559,61.138,61.813,62.173,63.318,63.934,63.884,63.785,63.702,63.872,64.312,65.041,65.493,66.893,68.045,69.617,70.312,70.802,71.381,73.965,79.78,81.746,82.789,83.111,83.482,83.598,83.693,83.612,83.802,83.86,84.04,84.23,84.326,84.509,85.101,85.465,86.051,86.904,87.699,88.599,89.419,89.742,90.27,89.659,89.066,87.535,86.791,86.609,86.516,87.142,87.72,88.228,88.882,89.583,90.34,91.029,91.042,90.831,90.935,91.01,91.134,91.028,90.735,90.798,89.927,89.728,89.501,89.415,89.415,89.435,89.57,89.989,90.084,90.009,90.224,89.961,89.786,89.726,89.628,89.584,89.58,89.571,89.571,89.412,89.21,89.041,88.888,88.605,88.541,88.174,87.914,87.816,87.799,87.658,87.505,87.49,87.152,86.96,87.049,87.264,87.227,86.739,86.636,86.887,87.062,87.134,87.494,87.784,88.087,88.296,88.366,88.425,88.414,88.518,88.804,89.468,89.887,89.986,90.075,90.106,90.284,90.557,90.753,91.109,91.382,91.653,92.15,92.737,93.141,93.331,93.444,93.564,93.642,93.716,93.872,94.173,94.618,95.011,95.244,95.594,96.015,96.262,96.47,96.586,96.837,97.184,97.613,98.336,98.858,99.368,99.521,99.717,100,100.349,101.524,103.33,104.933,105.792,106.417,107.015,107.688,109.158,110.846,111.511,111.571,111.423,110.922,110.345,110.145,109.986,109.868,109.868,109.968,110.254,110.598,111.533,112.289,113.101,113.58,113.865,114.113,114.042,113.724,113.729,115.213,115.905,116.261,116.423
서울,양천구,65.053,64.567,64.259,64.144,64.347,64.581,64.736,64.435,64.273,64.169,63.902,63.676,63.572,63.232,62.983,63.4,63.786,64.276,65.189,66.909,68.149,69.263,69.635,69.834,69.804,70.891,71.837,73.467,77.597,83.141,86.666,87.124,87.816,88.323,89.581,91.654,96.557,98.305,98.738,99.016,98.826,97.789,96.92,96.491,96.489,96.936,97.142,96.907,96.82,96.801,96.889,97.055,97.438,97.34,97.466,97.678,97.914,97.652,97.296,96.456,94.742,92.745,91.468,92.276,92.541,93.519,94.879,95.45,96.422,96.763,98.085,98.286,98.33,98.251,98.3,98.618,98.646,98.431,97.977,97.545,96.579,95.695,95.614,95.516,95.481,95.67,95.966,96.263,96.385,96.382,96.31,96.135,95.871,95.763,95.518,95.007,94.457,94.224,94.061,94.02,93.891,92.907,92.567,91.773,91.037,89.629,89.119,88.784,88.613,87.914,87.132,86.841,86.724,87.243,87.289,86.918,86.191,85.641,85.705,86.044,86.035,85.66,85.828,85.963,86.063,85.759,85.781,85.586,85.449,85.471,86.229,87.233,87.375,87.443,87.492,87.78,88.197,88.939,89.676,90.458,90.707,91.078,91.726,92.203,92.503,92.98,93.049,93.077,93.029,92.931,93.003,93.447,93.861,94.409,94.983,95.864,96.63,96.727,96.754,96.687,96.68,96.76,97.056,98.331,98.63,99.361,99.215,99.318,100,102.032,104.582,106.248,106.671,106.507,106.466,106.421,106.956,108.31,110.615,111.04,111.077,110.935,110.368,109.913,109.258,108.54,108.263,108.11,108.373,108.486,108.572,109.403,110.426,112.807,113.735,113.848,113.973,114.004,113.865,114.09,115.3,115.998,116.39,116.488
서울,강서구,63.75,63.029,63.022,63.144,63.436,63.781,63.847,63.301,63.222,62.943,62.83,62.698,62.173,61.787,61.565,61.756,62.105,62.471,62.431,62.734,63.249,63.197,63.173,63.034,62.929,63.042,63.5,63.89,64.853,66.646,68.938,70.194,71.346,72.025,72.959,75.966,80.65,83.326,84.891,85.828,86.374,86.654,87.247,87.817,88.278,88.477,88.934,88.906,89.302,89.579,89.875,90.288,91.385,93.176,94.803,96.237,96.91,97.176,97.538,97.582,97.086,96.519,95.866,95.663,95.52,95.437,95.461,95.659,96.005,96.21,96.906,97.214,97.205,97.105,97.055,97.129,96.692,96.565,96.016,95.647,94.803,94.343,94.014,93.683,93.636,93.599,93.605,93.584,93.583,93.554,93.664,93.465,93.301,92.966,92.635,92.51,92.297,92.199,91.669,91.733,91.266,90.363,88.807,87.898,87.109,86.484,86.216,85.685,85.022,84.477,83.763,83.186,82.94,83.33,83.522,83.371,83.016,82.731,82.895,83.454,83.799,83.64,83.984,84.359,84.555,84.102,83.874,83.77,83.676,83.518,83.844,84.128,84.156,84.222,84.317,84.56,84.931,85.835,86.352,87.054,87.499,88.061,88.61,89.352,90.248,90.973,91.308,91.435,91.498,91.59,91.812,92.097,92.515,92.94,93.371,94.09,94.871,95.322,95.548,95.693,96.022,96.49,97.014,97.939,98.499,99.34,99.297,99.441,100,100.375,100.781,102.169,103.293,104.71,105.22,105.537,105.95,106.792,109.146,109.878,109.897,109.798,109.471,109.301,109.046,108.663,108.39,108.206,108.179,108.255,108.417,108.802,109.472,110.369,110.756,110.878,111.028,111.169,111.1,111.158,112.427,113.123,113.604,113.765
서울,구로구,60.821,60.287,59.904,60.07,60.558,60.539,60.437,60.796,60.621,60.484,60.236,60.036,59.725,59.491,59.205,59.579,60.023,60.363,60.673,61.436,62.266,62.776,62.703,62.724,62.608,62.598,62.669,63.411,64.103,65.02,66.171,66.814,66.52,66.827,67.433,68.727,72.868,75.352,76.87,77.446,77.62,79.509,79.816,80.273,80.814,81.191,81.375,81.88,82.035,82.327,82.946,83.167,84.751,86.694,88.506,91.187,92.275,92.748,93.376,93.498,93.455,93.015,92.291,91.805,91.233,91.151,91.164,91.35,91.637,91.875,92.184,92.483,92.512,92.733,92.728,92.832,92.873,92.871,92.795,92.574,92.005,91.77,91.586,91.406,91.053,91.007,91.082,91.27,91.499,91.418,91.427,91.406,91.336,91.274,91.185,91.058,90.988,90.851,90.808,90.587,90.407,90.235,89.78,89.329,88.954,88.443,88.121,87.888,87.554,87.165,86.423,86.164,86.044,86.212,86.326,86.298,86.053,85.858,85.934,86.258,86.533,86.22,86.35,86.61,86.711,86.651,86.245,85.991,85.84,85.767,86.054,86.572,86.847,86.891,87.06,87.239,87.488,88.262,89.047,89.876,90.583,90.917,91.851,92.469,93.114,93.664,93.77,93.631,93.551,93.655,93.818,94.099,94.414,94.814,95.146,95.594,96.083,96.359,96.493,96.634,96.891,97.311,97.743,98.27,98.716,99.213,99.345,99.597,100,100.34,100.891,101.688,102.107,102.847,103.43,104.099,104.734,105.182,106.26,106.769,106.884,106.799,106.53,106.471,106.421,106.219,106.146,106.156,106.176,106.26,106.405,106.806,107.37,108.025,108.478,108.838,109.199,109.523,109.775,110.153,111.573,112.224,112.682,112.844
서울,금천구,58.934,58.712,58.765,59.34,59.565,59.789,59.735,59.869,59.927,59.931,59.895,59.612,59.428,59.379,59.414,59.572,59.647,59.652,59.819,59.847,59.948,60.097,60.927,60.92,60.879,60.834,60.995,61.455,61.657,61.97,62.275,62.395,62.735,62.875,63.377,64.393,68.345,71.11,72.051,72.273,73.318,73.517,73.659,73.88,74.166,74.206,74.823,75.547,75.947,76.235,77.114,78.823,81.208,82.698,86.17,89.15,90.789,91.415,92.346,93.133,93.133,92.703,92.403,92.076,91.243,91.204,91.223,91.255,91.007,90.923,92.5,93.201,93.624,93.818,93.462,93.586,93.762,93.961,93.769,94.127,93.579,93.073,92.81,92.664,91.868,91.072,91.268,91.302,91.316,91.269,91.323,91.185,90.97,91.461,91.341,90.798,90.702,90.599,90.599,90.948,90.562,90.454,90.077,89.882,89.499,88.446,87.902,87.989,88.011,87.946,87.663,87.35,87.179,87.246,87.314,86.799,86.177,85.72,85.962,86.767,87.061,86.986,87.554,88.094,88.352,88.246,88.172,88.054,87.979,88.079,88.27,88.401,88.465,88.481,88.465,88.651,88.93,89.407,89.916,90.528,91.01,91.398,92.151,92.596,93.198,93.689,93.79,93.895,93.97,94.128,94.308,94.539,94.733,95.033,95.316,95.751,96.231,96.418,96.526,96.702,96.966,97.472,97.965,98.654,98.988,99.785,99.762,99.889,100,100.063,100.228,100.288,100.441,100.615,100.809,101.042,101.359,101.947,103.233,103.896,104.072,104.105,104.001,103.903,103.745,103.661,103.611,103.608,103.715,103.788,103.924,104.407,105.018,105.67,106.06,106.157,106.324,106.536,106.632,106.91,107.971,108.631,108.967,109.102
서울,영등포구,59.193,58.903,58.689,58.682,58.96,59.342,59.932,60.134,60.313,60.222,60.137,60.023,59.853,59.616,59.699,60.078,60.742,61.014,62.521,63.607,65.385,66.185,66.787,66.866,67.142,67.296,67.887,68.749,70.321,72.06,73.406,74.155,74.558,74.849,75.714,77.011,80.23,82.868,84.667,85.358,85.926,86.041,85.964,85.825,86.047,86.327,86.406,86.706,87.11,87.351,87.493,87.688,88.108,89.308,90.133,91.222,91.549,91.785,91.775,91.941,91.978,91.606,91.01,90.952,90.648,90.934,91.249,92.565,93.124,93.41,94.531,94.927,95.098,95.138,95.339,95.776,95.618,95.618,95.492,94.99,94.226,93.809,93.626,93.502,93.43,93.436,93.451,93.742,93.939,93.888,93.843,93.76,93.727,93.615,93.509,93.322,93.156,92.875,92.865,92.784,92.472,92.248,92.056,91.396,90.734,89.951,89.272,88.717,87.814,87.428,86.493,86.134,86.113,86.577,86.716,86.245,85.401,85.036,85.258,85.37,85.393,84.934,85.106,85.419,86.038,86.185,86.279,86.159,86.116,86.327,86.528,86.652,86.963,87.011,87.109,87.269,87.419,87.95,88.589,89.264,89.794,90.149,90.62,91.272,92.002,92.566,92.745,92.705,92.697,92.785,93.006,93.222,93.586,93.806,94.153,94.626,95.226,95.465,95.581,95.704,95.939,96.442,97.052,97.977,98.652,99.221,99.345,99.563,100,101.025,101.557,102.511,103.181,103.744,104.123,104.532,105.563,107.078,109.202,109.772,109.941,109.894,109.669,109.508,109.211,109.066,108.918,108.802,108.964,109.121,109.338,109.965,110.804,111.635,112.211,112.43,112.583,112.651,112.62,112.741,113.846,114.614,115.029,115.187
서울,동작구,60.986,61.033,60.763,60.827,60.949,61.142,61.433,61.405,61.413,61.195,61.152,61.056,60.899,60.7,60.634,60.623,60.822,60.986,61.319,62.08,63.12,63.928,64.571,64.647,64.675,64.913,65.512,66.274,67.779,69.709,72.664,74.668,75.51,75.616,76.695,78.856,83.846,86.041,87.367,87.536,88.229,88.472,88.715,88.823,89.088,89.292,89.86,89.984,90.246,90.332,90.715,91.127,91.756,92.746,93.382,94.5,94.752,94.908,95.066,95.138,95.095,93.64,92.315,91.601,91.126,91.088,91.247,91.272,91.439,91.858,92.836,92.889,92.842,92.842,92.872,92.895,93.003,93.065,93.032,92.865,92.832,92.752,92.63,92.501,92.134,92.12,92.213,92.438,92.499,92.48,92.498,92.46,92.186,92.133,92.048,92.037,91.975,91.948,91.702,91.484,91.267,90.196,89.821,89.508,89.284,87.654,86.082,85.026,84.328,83.737,83.185,82.9,82.846,83.62,84.146,84.516,84.016,83.738,84.186,84.837,84.966,84.888,85.277,85.614,86.082,86.225,86.32,86.404,86.499,86.679,86.936,87.257,87.357,87.419,87.494,87.659,87.938,88.414,88.82,89.37,89.844,90.21,90.661,91.043,91.837,92.536,92.758,92.879,92.908,92.996,93.181,93.398,93.681,94.126,94.468,95.009,95.596,95.719,95.764,95.927,96.165,96.524,96.971,97.655,98.065,99.071,99.066,99.221,100,100.585,101.664,102.588,103.45,104.293,105.301,105.901,106.691,107.968,110.748,111.184,111.024,110.776,110.469,110.049,109.506,108.883,108.543,108.431,108.613,108.741,108.903,109.493,110.453,112.091,112.798,112.968,113.139,113.14,113.075,113.193,114.187,114.64,114.835,114.93
서울,관악구,61.492,61.256,61.124,61.199,61.329,61.593,61.904,61.652,61.354,61.094,61.344,61.287,61.365,61.109,60.895,60.954,60.944,60.927,61.077,61.38,62.137,62.673,62.749,63.223,64.443,64.524,64.559,64.804,65.067,65.811,66.671,67.672,68.171,68.636,69.958,71.677,76.472,78.76,80.587,81.165,81.551,81.606,81.91,82.452,82.779,83.129,83.622,84.236,85.001,85.403,85.877,86.282,86.801,89.058,90.272,91.48,92.479,92.723,92.863,92.989,93.056,92.008,91.73,91.646,91.265,91.009,91.103,91.283,91.336,91.384,92.182,92.455,92.613,92.545,92.612,92.835,92.734,92.502,91.949,91.704,91.431,91.279,91.178,91.161,91.092,91.17,91.222,91.514,91.661,91.874,91.735,91.768,91.546,91.533,91.507,91.431,91.395,91.253,91.471,91.477,90.272,89.713,89.052,88.468,88.472,87.639,87.501,86.905,85.886,85.394,84.856,84.561,84.492,84.96,85.443,85.385,85.242,85.059,85.164,86.216,86.605,86.636,86.839,87.07,87.304,87.16,87.042,86.948,86.87,86.943,87.07,87.245,87.3,87.283,87.468,87.53,87.663,88.051,88.596,89.038,89.493,89.894,90.437,91.136,91.81,92.117,92.22,92.341,92.418,92.624,92.864,93.269,93.671,94.079,94.376,94.943,95.67,95.9,96.066,96.217,96.421,96.975,97.594,98.445,98.887,99.377,99.52,99.697,100,100.168,100.49,100.966,101.269,101.437,101.895,102.468,103.227,103.792,105.025,105.496,105.54,105.487,105.189,105.021,104.829,104.581,104.444,104.362,104.303,104.37,104.491,104.782,105.333,105.979,106.408,106.505,106.695,107.019,107.11,107.401,108.583,109.344,109.935,110.133
서울,서초구,59.122,58.174,57.646,58.21,58.622,58.636,58.978,58.831,58.705,58.289,58.108,57.796,57.545,57.394,57.324,58.525,59.675,62.144,63.883,68.095,71.782,71.765,72.639,72.17,72.252,72.69,74.275,75.605,77.831,81.306,84.32,84.298,84.307,84.53,84.765,85.879,90.919,92.365,93.016,92.948,92.873,92.844,92.588,92.512,92.471,92.401,92.379,92.386,92.228,92.134,92.099,92.124,92.137,92.387,92.357,92.279,91.922,91.787,91.497,90.654,88.836,86.179,84.407,83.935,83.903,85.061,85.314,85.816,87.46,88.378,89.966,90.227,90.569,90.473,90.758,91.737,91.851,91.786,91.453,91.169,90.996,90.934,90.826,90.766,90.745,91.032,91.453,92.205,92.353,92.417,92.472,92.386,92.369,92.377,92.489,92.448,92.216,92.059,91.957,91.092,91.137,90.405,90.048,89.366,88.65,88.232,88.007,87.817,87.709,87.145,86.439,86.176,86.197,86.211,86.334,86.151,85.218,84.612,84.621,84.84,84.776,84.749,84.955,85.22,85.471,85.538,85.486,85.489,85.591,85.72,86.129,86.449,86.556,86.569,86.613,86.986,87.726,88.626,89.226,89.993,90.465,91.027,91.774,92.365,92.809,93.219,93.411,93.379,93.315,93.409,93.715,94.43,94.889,95.267,95.602,96.539,96.965,96.837,96.733,96.768,96.999,97.357,97.757,99.006,99.481,99.747,99.541,99.599,100,101.465,103.777,106.346,106.896,106.988,106.858,106.713,106.711,107.363,109.983,110.556,110.364,110.028,109.527,108.758,108.204,107.596,107.315,107.273,107.473,107.757,108.049,108.677,109.613,111.802,112.288,112.085,111.786,110.738,109.753,109.801,110.833,111.198,111.271,111.306
서울,강남구,63.865,63.003,62.793,63.891,64.31,64.844,64.901,64.511,64.036,63.257,62.839,62.008,61.37,61.091,60.695,62.687,63.034,65.13,66.428,70.465,73.32,72.968,72.118,71.063,71.833,72.79,74.222,75.769,78.117,81.434,83.646,83.799,83.614,83.505,83.828,85.71,91.012,93.344,94.232,94.197,94.129,93.429,92.813,92.677,92.898,92.948,92.892,92.959,93.178,93.089,93.311,93.47,93.779,94.449,94.778,94.986,94.656,94.344,94.342,93.434,91.244,87.515,86.486,87.273,87.342,88.204,88.514,89.349,90.77,91.629,93.14,93.382,93.137,93.076,93.193,93.523,93.578,93.522,92.786,92.423,92.172,91.615,91.461,91.385,91.236,91.459,91.748,92.236,92.354,92.344,92.317,92.17,91.935,91.887,91.737,91.454,91.274,91.083,90.137,89.928,89.269,88.111,87.594,86.5,86.036,84.598,83.153,81.813,81.533,80.073,79.066,78.7,78.838,79.492,80.231,79.785,79.176,78.678,79.1,79.351,79.335,79.213,79.451,80.057,80.728,80.628,80.599,80.581,80.697,81.105,81.831,82.13,82.1,81.992,82.3,82.947,83.972,84.765,85.469,86.394,87.274,88.071,88.69,89.114,89.669,89.981,89.717,89.506,89.466,89.765,90.405,91.389,92.146,92.843,93.705,95.171,95.586,95.42,95.191,95.241,95.598,95.872,96.401,97.974,98.272,99.098,98.926,99.271,100,101.698,105.456,108.04,109.095,109.316,109.113,108.609,108.264,109.125,111.595,112.115,111.896,111.293,110.031,108.847,107.884,107.548,107.491,107.512,107.715,107.982,108.194,109.352,110.513,113.79,114.465,114.252,113.87,112.81,111.778,111.853,112.913,113.321,113.491,113.522
서울,송파구,67.698,66.691,66.318,67.545,68.382,69.917,69.696,69.368,69.027,67.923,67.405,67.207,66.509,66.245,66.192,68.06,68.698,70.667,72.395,76.134,77.685,77.762,78.166,77.736,78.499,79.57,80.699,81.893,84.516,86.651,88.567,89.021,89.008,88.54,88.804,90.808,97.639,99.728,101.135,101.11,101.321,100.939,100.413,100.27,100.207,100.213,100.146,99.941,99.402,99.155,99.056,98.979,98.87,98.827,98.295,97.687,98.197,97.83,97.446,96.343,93.874,91.257,88.966,89.675,89.298,89.84,90.393,91.028,92.612,93.462,94.778,95.359,95.232,95.205,95.36,95.834,95.98,95.907,95.502,95.176,94.801,94.119,93.682,93.463,93.39,93.663,94.048,94.409,94.539,94.448,94.422,94.3,94.141,94.039,93.917,93.728,93.361,93.035,92.871,91.716,90.751,90.528,89.996,88.302,86.672,85.666,85.134,84.568,84.359,83.922,83.754,83.748,84.111,84.526,84.974,84.531,83.967,83.73,84.261,85.543,85.705,85.955,86.106,86.371,86.776,86.87,86.759,86.7,86.75,86.842,87.169,87.596,87.554,87.508,87.665,87.877,88.261,88.875,89.282,89.786,90.125,90.509,90.861,91.449,91.791,92.145,92.123,92.09,92.027,92.07,92.202,92.492,92.713,92.875,93.124,93.687,94.214,94.127,94.019,94.068,94.27,94.557,94.934,96.507,96.867,97.844,97.989,99.173,100,102.336,106.471,109.162,110.496,110.727,110.455,110.006,109.751,110.631,113.269,113.866,113.559,112.983,112.074,111.513,110.896,110.574,110.444,110.409,110.588,110.782,110.963,112.108,113.376,116.482,117.149,116.923,116.537,115.778,115.155,115.555,117.226,117.622,117.732,117.775
서울,강동구,66.385,65.024,64.596,65.799,67.039,68.559,68.556,67.893,66.954,65.528,65.082,64.763,64.281,63.779,63.794,66.901,66.404,68.407,68.908,72.039,73.701,73.641,72.021,71.239,72.081,72.943,74.112,74.552,75.857,76.841,79.162,79.478,79.33,79.398,79.842,82.888,90.051,92.355,94.028,94.24,94.294,93.798,92.587,92.578,92.704,92.7,92.675,92.42,92.375,92.277,92.318,92.248,92.497,92.709,92.414,91.523,91.391,91.12,90.671,89.313,87.394,84.044,84.238,84.935,85.381,87.201,87.605,88.085,89.551,90.84,92.759,92.876,92.531,92.497,93.126,93.851,93.876,93.638,92.956,92.538,92.213,91.751,91.638,91.488,91.857,92.133,92.342,92.712,93.045,93.081,93.265,92.777,92.159,92.192,92.223,92.095,91.791,91.348,91.276,91.134,90.277,90,89.727,88.837,87.595,85.303,83.511,82.944,82.843,82.654,82.226,82.11,82.317,82.445,82.871,82.658,82.211,81.902,81.978,82.526,82.469,82.344,82.349,82.467,82.706,82.667,82.456,82.446,82.556,83.105,84.029,84.807,84.972,84.51,84.632,85.19,86.101,87.697,88.78,89.728,90.027,90.662,91.256,91.983,92.617,92.597,92.289,92.085,91.953,92.059,92.395,92.562,92.904,93.453,94.078,95.279,95.779,95.699,95.564,95.809,95.88,95.946,96.629,98.539,98.747,99.492,99.304,99.685,100,101.204,103.112,106.541,107.774,108.101,108.036,108.327,108.513,109.265,112.863,113.657,113.746,113.524,113.022,112.134,111.141,110.016,108.941,108.572,108.423,108.532,108.728,109.611,110.609,113.564,114.254,114.31,114.39,114.341,114.11,114.081,115.584,115.893,116.118,116.164
경기,과천시,64.364,62.616,61.434,62.802,63.633,63.632,63.689,62.842,62.368,61.889,61.078,60.792,61.099,60.754,59.614,60.479,61.161,63.634,65.695,73.415,77.904,77.334,76.678,75.426,75.555,76.001,76.73,77.564,79.603,83.517,87.075,89.699,89.522,89.474,90.933,100.246,114.692,116.088,117.082,118.312,117.806,116.479,114.411,113.072,112.56,112.257,112.241,112.227,111.717,111.331,110.685,110.795,109.491,108.223,106.066,103.31,101.616,100.951,99.853,98.829,95.121,90.114,87.815,88.957,89.25,96.565,100.288,101.512,105.902,107.125,109.009,109.724,109.537,108.988,109.013,109.686,109.824,108.952,106.387,104.628,102.707,101.074,100.296,100.092,99.9,100.678,101.178,101.602,102.289,102.188,103.114,101.625,99.993,98.874,98.278,97.928,96.714,96.346,94.987,95.475,94.653,93.441,93.167,92.773,91.527,89.623,87.789,85.614,85.433,85.811,85.314,84.905,84.941,86.797,87.133,86.901,86.528,86.045,86.03,86.749,86.931,87.422,87.83,88.398,89.851,90.311,90.242,89.967,90.017,90.257,90.861,91.224,91.21,91.21,91.215,91.333,91.381,92.071,92.528,93.003,93.434,94.058,95.097,95.534,95.789,95.81,95.81,95.81,95.81,95.95,96.51,97.458,98.138,98.206,98.302,98.53,98.611,98.615,98.622,98.603,98.655,98.624,98.727,99.218,99.372,100.064,99.995,99.968,100,100.332,101.826,105.858,106.672,107.186,107.318,107.212,107.212,107.692,112.356,113.821,113.971,113.82,113.493,113.23,112.074,110.327,109.437,109.96,111.54,113.693,114.94,117.088,119.94,124.2,125.19,124.953,124.871,124.635,123.455,122.749,123.57,124.575,125.125,125.274
경기,안양시,61.175,60.953,60.823,60.611,60.765,60.906,61.032,60.972,61.011,60.748,60.535,60.473,60.311,59.986,59.786,59.974,60.331,60.896,61.739,65.202,67.86,68.672,68.637,68.809,68.812,69.016,69.558,70.82,72.199,75.266,78.829,79.897,80.319,80.698,81.91,84.549,90.936,94.133,95.348,95.768,95.597,95.306,95.159,94.805,94.694,94.699,94.831,94.766,94.866,94.715,94.663,94.765,95.607,96.133,96.338,96.432,96.753,96.687,96.641,95.576,94.185,92.937,91.942,91.172,91.043,91.116,91.303,91.402,91.955,92.073,92.563,92.826,92.855,92.738,92.563,92.411,92.354,92.007,91.528,90.967,90.357,89.677,89.521,89.423,89.029,89.081,89.224,89.724,90.326,90.531,90.667,90.547,90.549,90.496,90.601,90.645,90.577,90.271,90.108,90.058,90.049,89.995,89.469,88.854,88.276,87.732,87.178,86.475,85.894,85.63,85.158,84.709,84.361,84.127,83.886,83.73,83.679,83.612,83.677,84.126,84.504,84.827,85.083,85.515,86.073,86.343,86.542,86.527,86.607,86.674,87.446,87.791,88.162,88.434,88.64,89.113,90.01,91.649,92.753,93.505,94.003,94.468,94.667,95.395,95.804,95.929,95.875,95.813,95.739,95.853,96.026,96.486,96.607,96.723,96.908,97.083,97.183,97.212,97.212,97.249,97.29,97.378,97.471,97.656,97.78,98.431,98.944,99.45,100,100.377,100.742,101.128,101.573,101.941,102.094,102.243,102.387,102.747,103.887,104.967,105.204,105.211,105.133,104.775,104.557,103.533,102.876,102.481,102.2,102.266,102.763,103.384,104.118,105.75,106.956,108.388,110.867,112.382,113.43,114.317,115.323,116.166,117.024,117.89
경기,성남시,73.834,73.823,73.757,74.131,74.464,74.903,74.287,73.857,73.303,72.805,72.308,71.965,71.571,70.889,70.185,72.189,74.135,76.496,80.288,84.344,87.581,87.352,87.129,86.335,86.025,86.229,87.377,89.365,91.434,93.664,96.987,97.462,97.208,97.185,97.454,98.411,105.481,109.168,110.54,110.625,111.092,110.601,110.04,109.824,109.86,109.564,109.799,109.582,109.279,108.25,108.164,108.002,108.055,108.169,108.737,108.871,108.551,107.683,106.769,105.497,102.519,99.723,97.364,96.954,96.737,96.937,97.971,98.15,98.916,99.386,100.15,100.319,100.201,99.95,99.868,99.882,99.699,99.511,98.608,97.772,97.312,96.666,96.46,96.199,96.222,96.484,96.84,97.068,97.317,97.246,97.144,97.213,97.166,96.965,96.816,96.706,96.544,96.26,95.928,95.679,95.348,95.055,94.801,94.271,93.486,92.847,92.071,91.008,89.889,88.85,87.903,87.141,86.842,87.099,87.602,88.016,87.828,87.485,87.456,87.619,87.596,87.78,87.675,88.018,88.584,88.657,88.629,88.615,88.637,88.817,89.229,89.74,90.015,90.243,90.354,90.643,90.943,91.393,91.658,92.004,92.266,92.513,92.86,93.224,93.552,93.739,93.838,93.872,93.879,93.883,93.936,94.031,94.125,94.241,94.294,94.404,94.561,94.608,94.601,94.67,94.812,95.01,95.201,95.523,96.364,98.091,98.995,99.529,100,100.436,101.747,104.561,106.398,107.467,108.057,108.294,108.421,108.707,110.867,111.546,111.546,111.222,110.648,109.883,109.123,108.47,108.091,107.934,108.236,108.58,109.089,110.022,111.078,112.317,113.047,113.243,113.444,113.511,113.667,113.886,115.318,116.857,117.915,118.62
경기,군포시,61.091,60.555,60.436,60.427,60.53,60.489,60.177,60.125,59.941,59.612,59.418,59.158,58.911,58.684,58.591,58.729,59.105,59.14,59.318,61.933,64.45,65.063,65.051,64.857,64.671,64.771,64.742,65.085,66.199,68.657,74.606,76.041,76.54,77.071,77.788,80.939,89.718,93.659,94.13,94.21,94.269,94.015,93.204,92.879,92.868,92.995,92.827,92.809,92.741,92.526,92.736,92.9,94.348,96.215,97.394,97.962,98.43,99.23,99.42,98.75,97.516,96.681,96.109,95.034,94.155,93.884,94.067,94.031,94.259,94.319,95.593,95.713,95.627,95.605,95.442,95.297,95.148,95.006,94.304,94.018,92.596,92.348,91.783,91.699,91.501,91.597,91.818,92.24,93.099,93.135,93.161,93.222,93.241,93.505,93.787,93.995,94.047,94.047,93.749,93.764,93.75,93.715,93.715,93.409,92.644,91.482,89.596,89.113,88.623,87.482,86.488,86.412,86.294,86.885,87.15,87.369,86.735,86.474,87.208,88.236,88.669,88.91,88.573,88.863,89.429,88.888,88.391,88.051,88.059,88.2,89.002,89.228,89.393,89.628,89.881,90.434,91.475,92.723,93.562,94.267,94.875,95.477,96.223,96.824,97.57,97.83,97.776,97.703,97.618,97.675,97.829,97.991,98.246,98.475,98.559,98.678,98.784,98.817,98.817,98.792,98.816,98.885,98.938,99.05,99.117,99.349,99.554,99.784,100,100.056,99.96,99.921,99.894,99.83,99.688,99.664,99.612,99.275,99.901,100.42,100.681,100.636,100.586,100.435,99.603,98.659,97.667,96.624,95.972,95.968,96.574,97.317,97.469,98.257,98.64,99.65,105.849,110.065,111.48,112.127,112.807,113.198,113.384,113.542
경기,의왕시,58.909,58.416,57.701,57.791,58.128,58.576,58.614,58.406,58.042,57.673,57.296,57.259,56.839,56.591,56.772,57.307,57.464,57.983,58.734,61.289,64.323,65.682,66.052,65.843,66.667,66.827,67.036,67.855,69.499,71.229,73.524,75.204,75.693,76.856,79.393,83.832,90.496,94.144,95.665,97.25,97.771,97.903,97.625,97.242,97.116,97.298,97.327,97.366,97.268,97.039,96.817,96.784,96.67,96.433,96.577,96.326,95.904,96.311,96.034,95.457,94.298,92.329,91.503,91.264,90.864,90.325,90.394,90.548,90.637,90.884,91.341,91.464,91.515,90.961,90.875,90.963,90.892,90.615,89.874,88.86,87.603,87.054,86.974,86.979,87.141,87.373,87.576,88.209,88.976,89.218,89.243,89.201,89.621,90.017,90.589,90.728,90.612,90.462,90.309,90.266,90.001,90.015,89.732,89.819,89.702,89.326,88.755,88.087,87.396,87.047,86.093,85.292,84.721,84.619,84.798,85.213,84.715,84.545,84.781,85.576,86.212,86.789,86.896,88.063,88.48,88.571,89.009,89.01,89.098,89.659,90.199,90.778,91.216,91.286,91.376,91.833,92.256,92.961,93.325,93.952,94.804,95.611,96.023,96.954,97.372,97.652,97.774,97.793,97.8,97.689,97.651,97.631,97.662,97.782,97.853,97.925,98.056,98.183,98.286,98.376,98.493,98.738,98.844,98.834,98.991,99.124,99.375,99.573,100,100.51,101.042,101.224,101.418,101.598,101.749,101.994,102.166,102.416,103.058,103.799,104.005,104.036,103.883,103.62,102.637,101.846,100.781,100.18,99.942,99.885,100.275,100.83,101.581,104.062,104.926,105.902,107.525,109.05,110.076,110.941,112.145,113.235,114.739,115.756
경기,안성시,62.789,62.664,62.805,63.944,64.111,65.476,65.715,66.11,66.403,66.986,67.215,67.112,66.977,66.719,66.698,66.769,67.179,67.35,67.338,68.166,68.63,69.47,69.57,70.064,70.049,70.049,70.673,70.893,71.004,71.314,71.578,71.578,71.528,71.09,71.09,71.309,71.369,71.617,71.327,71.324,71.286,71.208,71.117,71.117,71.117,71.16,71.201,71.235,71.285,72.017,72.012,72.012,72.012,72.439,72.498,73.261,73.383,74.331,76.322,76.945,77.094,77,76.963,76.963,76.963,77.077,77.221,77.182,77.365,77.325,77.41,77.503,77.523,77.523,77.649,77.634,77.658,77.576,77.501,77.637,77.54,77.423,77.375,77.357,77.299,77.299,77.42,77.629,78.029,78.728,78.922,79.199,79.219,79.423,79.968,80.909,81.983,82.195,83.128,83.128,84.099,84.719,85.552,86.28,86.863,87.418,88.224,88.761,88.99,89.338,89.546,89.707,89.726,90.435,90.759,91.041,91.243,91.287,91.561,92.208,92.913,93.55,94.696,95.215,95.568,95.582,95.754,95.739,95.757,95.873,96.275,96.425,96.656,97.068,97.409,97.836,98.02,98.319,98.497,98.504,98.623,99.228,99.939,100.59,101.059,101.303,101.337,101.324,101.301,101.228,101.101,101.073,101.093,101.122,101.153,101.12,101.048,101.005,100.979,100.942,100.888,100.835,100.791,100.634,100.566,100.427,100.179,100.139,100,99.761,99.53,98.579,97.744,96.907,95.73,94.782,93.941,93.557,93.401,93.095,92.353,91.518,91.138,90.914,90.752,90.255,89.843,89.295,88.785,87.856,87.264,86.959,86.691,86.637,86.614,86.361,86.427,86.415,86.356,86.253,86.566,86.6,86.701,86.808
경기,용인시,76.94,76.65,76.278,76.37,76.881,77.435,77.459,76.568,76.032,75.523,75.055,74.832,74.557,73.998,73.779,74.729,76.661,78.145,81.411,88.405,91.202,91.445,92.039,91.877,91.757,91.876,92.313,93.839,97.043,100.257,102.751,103.997,104.461,104.744,106.291,108.739,116.504,118.892,120.393,121.109,122.981,122.681,122.289,122.346,122.191,121.847,121.702,121.294,120.938,120.696,120.291,120.161,119.869,119.341,119.133,118.857,118.513,118.044,117.51,113.29,109.47,107.542,106.782,105.864,105.227,105.132,105.562,105.844,106.241,106.419,107.327,107.442,107.261,107.105,107.09,107.078,106.95,105.873,104.957,104.026,103.189,102.493,102.114,101.876,101.843,101.92,102.655,103.134,103.697,103.746,103.746,103.584,103.089,102.761,102.662,102.696,102.614,102.321,102.093,102.103,101.727,101.42,101.08,100.702,100.465,99.647,98.443,97.56,96.63,95.895,95.402,95.044,94.842,94.865,95.035,95.23,95.032,94.784,94.613,94.667,94.636,94.748,94.958,95.196,95.603,95.308,95.16,95.083,95.155,95.263,95.512,95.833,95.999,96.116,96.347,96.609,96.913,97.361,97.652,97.964,98.22,98.469,98.844,99.239,99.538,99.721,99.83,99.849,99.852,99.846,99.86,99.867,99.887,99.925,99.948,100.006,100.05,100.055,100.062,100.038,100.028,100.026,100.002,100.014,100.037,100.02,100.036,100.036,100,99.936,99.864,100.031,100.442,101.129,101.426,101.7,101.969,102.334,103.838,105.258,106.184,106.423,106.311,106.132,105.903,105.043,104.625,104.425,104.248,104.449,104.627,104.782,105.262,106.29,108.134,110.549,113.471,114.595,115.174,116.804,118.4,119.968,122.8,123.833
경기,수원시,68.805,68.383,67.87,67.737,67.835,67.7,67.557,67.086,66.658,65.994,65.302,64.914,64.153,63.831,63.184,63.941,64.33,64.685,65.191,65.815,66.499,66.91,67.043,66.974,66.802,66.841,67.106,67.636,68.063,68.639,69.807,70.582,71.078,71.421,72.48,76.373,85.75,88.844,91.153,91.858,92.045,91.988,91.852,91.682,91.478,91.422,91.252,91.28,91.093,91.075,91.228,91.362,91.773,92.219,93.003,93.522,93.987,93.892,93.756,93.334,91.662,90.237,88.897,88.478,88.091,88.009,88.58,88.743,89.108,89.587,90.472,90.773,90.876,90.832,90.825,90.934,91.006,90.95,90.748,90.5,89.987,89.676,89.564,89.546,89.606,89.798,89.955,90.55,91.095,91.443,91.503,91.676,91.878,92.215,92.646,92.777,92.661,92.528,92.305,92.223,91.988,91.545,91.201,90.7,90.401,90.161,89.678,89.138,88.822,88.422,87.994,87.793,87.623,87.771,87.947,88.043,87.984,87.703,87.693,87.876,88.162,88.445,88.739,88.967,89.288,89.289,89.233,89.393,89.475,89.904,90.858,91.243,91.693,92.169,92.621,93.196,93.689,94.312,95.017,95.721,96.149,96.673,97.128,97.541,97.923,98.087,98.149,98.161,98.148,98.125,98.084,98.056,98.107,98.186,98.263,98.37,98.582,98.689,98.743,98.811,98.929,99.083,99.252,99.417,99.586,99.67,99.825,99.91,100,99.986,100.029,100.268,100.478,100.629,100.687,100.712,100.847,100.886,101.133,101.576,102.005,102.472,102.5,102.481,102.355,102.133,101.894,101.719,101.741,101.946,102.116,102.337,102.78,104.036,106.094,111.292,117.524,118.889,119.48,120.884,122.396,123.177,123.828,124.346
경기,부천시,68.36,68.038,68.05,68.492,68.571,68.573,68.471,68.423,68.236,67.739,67.381,67.104,66.932,66.414,66.195,66.411,66.64,66.736,66.577,66.542,66.712,67.017,67.055,66.984,66.803,66.7,66.925,67.04,67.246,67.505,68.479,71.594,73.318,74.28,75.606,77.989,81.866,84.873,86.513,87.617,88.057,88.341,88.171,88.363,88.607,88.94,89.592,89.838,90.665,90.896,91.289,91.923,93.339,94.813,96.102,97.52,98.118,98.42,99.186,99.297,98.324,97.252,96.298,95.788,95.614,95.607,95.792,96.206,96.744,97.087,97.743,98.077,98.178,98.179,98.134,98.186,98.155,98.091,97.658,97.372,96.831,96.545,96.552,96.483,96.472,96.461,96.518,96.75,96.931,97.113,97.082,97.026,96.976,96.861,96.703,96.634,96.624,96.553,95.864,95.421,95.071,94.675,94.037,93.616,93.059,92.652,92.087,91.396,91.043,90.705,89.8,89.243,88.827,88.838,89.104,89.118,88.972,88.554,88.563,89.399,89.855,90.168,90.563,90.846,91.243,91.298,91.387,91.519,91.631,91.717,91.99,92.256,92.383,92.509,92.545,92.726,92.896,93.108,93.37,93.881,94.317,94.842,95.392,96.071,96.595,96.904,97.021,97.071,97.066,97.087,97.189,97.42,97.697,97.842,97.944,98.062,98.207,98.235,98.191,98.166,98.233,98.256,98.385,98.571,98.743,99.217,99.544,99.706,100,100.039,100.261,100.5,100.669,100.916,100.863,100.885,101.075,101.224,101.624,103.323,104.558,104.515,104.225,104.103,103.997,103.966,103.8,103.755,103.835,104.045,104.45,105.099,106.051,106.636,107.2,108.025,109.364,110.579,111.309,112.365,113.654,114.559,115.227,115.782
경기,안산시,55.289,54.756,54.457,54.554,54.583,54.665,54.696,54.484,54.242,53.916,53.754,53.585,53.387,53.197,52.933,53.158,53.525,53.759,54.005,54.196,54.496,54.665,54.674,54.387,54.185,54.063,54.073,54.42,54.563,54.686,54.942,55.091,55.214,55.522,56.135,57.738,63.499,69.024,71.848,72.63,73.332,74.238,74.922,75.629,77.14,79.389,80.928,82.177,83.393,84.311,84.69,85.555,86.789,88.249,88.768,89.442,89.822,89.896,89.981,89.885,89.548,89.045,88.422,88.111,87.891,87.516,87.233,87.275,87.323,87.455,87.869,88.109,88.259,88.224,88.378,88.719,88.782,88.79,88.514,88.159,87.802,87.478,87.373,87.274,87.128,87.24,87.357,87.569,88.042,88.162,88.095,88.181,88.251,88.243,88.411,88.604,88.644,88.635,88.749,88.789,88.614,88.538,88.546,88.436,87.889,87.432,87.289,87.224,87.15,86.932,86.497,86.306,85.963,85.855,86.353,86.501,86.476,86.237,86.307,86.734,86.993,87.201,87.742,88.262,88.785,88.554,88.489,88.479,88.567,88.644,89.978,90.349,90.753,91.116,91.415,91.889,92.998,94.669,95.944,96.97,97.895,98.388,99.036,99.869,100.281,100.224,100.161,100.043,99.788,99.456,99.377,99.572,99.693,99.753,99.795,99.928,99.97,99.974,99.968,99.944,99.946,99.972,99.951,99.974,99.961,100.054,100.129,100.128,100,99.911,99.682,99.433,99.209,98.864,98.146,97.295,96.001,93.958,93.287,92.95,92.545,92.052,91.452,91.063,90.862,90.599,90.541,90.224,90.19,90.108,90.187,90.506,90.88,92.13,92.529,93.008,95.284,98.056,99.789,102.363,103.786,104.204,104.043,104.063
경기,시흥시,54.74,54.788,55.129,55.196,55.255,55.13,55.016,54.623,54.323,54.031,53.626,53.421,53.333,53.127,52.971,53.001,53.066,53.193,53.379,53.488,53.541,53.547,53.619,53.621,53.535,53.462,53.455,53.531,53.571,53.774,53.988,53.967,54.033,54.014,54.411,55.146,59.576,63.495,66.094,67.149,67.588,68.098,68.283,69.288,72.519,77.213,79.919,81.958,83.633,84.997,85.456,85.822,86.65,88.957,90.636,91.804,92.333,92.698,93.141,93.013,92.359,91.596,90.829,90.527,90.189,90.018,89.866,90.678,91.018,91.361,91.663,91.951,92.074,91.958,91.77,91.761,91.925,92.135,91.811,91.102,90.482,90.421,90.467,90.319,90.292,90.295,90.386,90.715,90.908,91.303,91.406,91.379,91.376,91.543,91.667,91.819,91.988,91.892,91.948,91.979,91.812,91.844,91.357,90.398,89.894,89.494,89.194,89.171,88.786,88.44,87.769,86.981,86.753,86.667,86.882,87.055,87.079,86.841,87.015,87.529,87.716,88.118,88.297,88.756,89.21,89.031,88.851,88.72,88.725,88.892,89.65,89.978,90.165,90.351,90.591,90.872,91.573,92.808,93.925,94.739,95.411,95.898,96.479,97.383,97.577,97.636,97.553,97.47,97.4,97.44,97.446,97.745,97.806,97.887,97.941,98.023,98.078,98.078,98.076,98.065,98.09,98.202,98.324,98.452,98.569,99.071,99.45,99.782,100,100.056,99.947,99.845,99.751,99.629,99.435,99.252,99.041,98.733,98.732,98.886,98.81,98.603,98.401,98.297,98.035,97.41,97.054,96.73,96.337,96.108,96.121,95.907,95.989,96.056,96.116,97.042,99.327,102.051,102.776,103.581,104.495,104.865,104.88,104.943
경기,광명시,61.581,59.864,58.629,58.992,59.099,59.075,58.488,57.688,57.382,56.836,55.922,55.037,54.508,53.957,53.231,55.041,56.053,56.635,56.638,57.327,58.313,58.911,58.829,58.005,57.383,57.325,58.217,58.867,59.157,59.443,59.876,59.817,59.8,59.845,60.132,62.051,67.279,70.03,70.672,71.794,71.858,71.927,71.833,71.992,72.17,72.522,73.069,74.207,75.337,76.168,77.927,79.339,82.128,85.094,85.81,87.244,88.313,89.011,89.201,88.952,86.999,85.171,83.015,82.633,81.815,81.517,81.672,82.116,83.139,83.89,84.903,84.798,83.909,82.931,82.463,82.82,82.956,82.749,81.478,80.245,79.996,79.394,79.34,79.288,79.319,79.532,79.507,79.943,80.381,80.606,80.557,80.638,80.856,81.129,81.337,81.366,81.181,80.966,80.627,80.037,80.09,79.985,79.627,79.293,78.858,78.481,78.243,77.748,77.57,76.924,76.443,76.313,75.799,75.874,76.275,76.499,76.547,76.339,76.531,76.64,77.421,77.857,78.645,78.895,79.711,79.928,79.924,79.843,79.818,79.982,80.72,82.277,82.82,83.079,83.507,84.428,85.544,87.123,88.791,90.189,90.598,91.213,91.696,92.288,93.344,93.923,94.278,94.37,94.322,94.143,94.138,94.352,94.601,94.982,95.362,95.854,96.386,96.581,96.705,96.819,96.968,97.184,97.502,98.147,98.523,99.129,99.334,99.605,100,100.137,100.218,100.489,100.719,100.823,101.131,101.555,101.972,104.794,109.273,111.135,111.436,111.211,110.103,109.123,107.409,105.937,104.515,104.923,106.943,108.263,109.367,110.705,111.901,114.731,116.263,117.716,120.101,121.34,121.883,122.4,124.372,126.782,128.679,130.064
경기,화성시,77.944,77.092,77.296,77.692,77.752,77.753,77.881,77.082,76.699,76.557,76.665,75.919,75.722,74.958,74.105,73.591,73.548,74.061,74.4,75.014,74.96,75.705,75.831,76.007,76.174,76.182,76.258,76.49,76.996,77.343,77.938,78.23,78.742,79.837,80.919,83.855,89.858,94.834,97.372,97.767,97.786,97.522,97.171,97.353,97.784,98.046,98.285,97.979,97.107,96.923,96.959,97.177,97.711,97.291,97.503,96.614,96.515,96.505,96.479,95.718,94.672,93.211,92.401,90.779,90.747,90.667,90.834,91.608,91.762,92.623,93.337,93.657,93.757,93.351,93.29,93.721,94.047,94.106,93.694,93.524,93.103,92.895,92.676,92.692,92.691,92.393,92.494,93.67,94.807,95.658,95.835,96.202,96.425,96.999,97.515,97.653,97.486,97.27,96.81,96.783,96.798,96.181,95.743,95.517,95.323,94.404,93.286,92.572,92.206,91.832,91.723,91.627,91.503,92.001,92.41,92.585,92.238,92.009,91.972,92.389,92.691,92.888,93.148,93.291,93.634,93.774,93.881,93.905,93.986,94.031,94.801,95.018,95.29,95.358,95.587,95.902,96.182,96.698,97.001,97.231,97.379,97.524,97.579,97.779,97.964,98.128,98.126,98.172,98.173,98.133,98.134,98.139,98.17,98.227,98.286,98.414,98.654,98.788,98.945,99.112,99.249,99.535,99.812,100.004,100.137,99.998,99.989,100.005,100,99.84,99.661,99.635,99.738,99.904,99.912,100.011,100.045,100.259,100.724,101.301,101.148,101.231,101.095,100.95,100.672,100.013,99.615,99.141,98.796,98.593,98.612,98.678,99.07,99.637,100.405,102.104,105.67,107.455,108.098,109.393,110.703,111.718,112.595,113.498
경기,오산시,76.176,75.2,75.698,75.967,76.284,76.386,76.191,76.264,76.006,75.552,75.098,74.582,73.991,73.73,73.301,73.107,73.059,73.196,73.179,72.847,72.753,72.145,71.573,71.584,71.63,71.685,71.556,71.344,71.113,70.671,70.725,70.718,70.551,70.559,70.658,71.336,74.56,76.518,78.628,79.888,80.532,81.35,81.854,83.044,83.527,83.623,83.713,83.985,83.854,83.753,83.777,83.84,84.151,85.305,86.057,86.997,87.756,87.954,88.401,89.119,89.154,88.594,88.018,87.851,87.404,86.977,86.965,86.793,87.092,87.475,88.072,88.298,88.651,88.885,88.938,89.117,89.239,89.143,89.122,88.829,88.776,88.852,88.801,88.859,89.136,89.185,89.344,90.057,91.077,92.056,91.776,92.54,93.068,93.707,95.169,96.058,96.74,97.13,97.366,97.366,97.39,97.279,97.083,96.936,96.987,96.935,96.871,96.953,96.936,97.048,96.995,96.822,96.72,96.713,96.731,96.146,95.734,95.507,95.329,95.401,95.435,95.501,95.567,95.604,95.946,95.935,95.927,95.978,96.011,96.13,96.644,97.025,97.282,97.209,97.304,97.868,98.03,98.345,98.646,98.82,98.869,98.938,99.025,99.234,99.505,99.682,99.651,99.662,99.629,99.556,99.567,99.566,99.577,99.633,99.714,99.833,99.907,99.937,100.017,100.068,100.059,100.116,100.165,100.175,100.214,100.173,100.161,100.142,100,99.893,98.872,98.338,97.799,97.016,96.456,95.917,95.365,95.168,95.121,95.092,94.729,94.324,93.891,93.634,93.31,93.072,92.365,92.211,91.8,91.591,91.445,91.349,91.181,90.848,91.025,91.16,93.934,95.54,96.49,97.466,98.294,99.284,99.957,100.53
경기,평택시,67.947,68.084,67.946,67.947,68.141,69.17,69.211,69.295,69.03,68.422,68.134,67.629,67.144,66.591,66.479,66.534,66.941,66.66,66.52,66.355,66.37,66.624,66.167,65.61,65.336,65.407,65.158,65.134,65.227,65.394,65.441,65.41,65.604,65.613,65.618,66.064,67.119,69.031,69.693,69.822,70.413,70.967,71.492,71.905,72.085,72.302,72.549,73.125,73.353,73.489,73.958,74.254,75.073,76.49,77.26,78.941,79.668,81.006,82.016,82.366,82.451,82.254,82.033,81.955,81.555,81.38,81.216,81.334,81.365,81.498,81.853,82.142,82.177,82.206,82.198,82.577,82.826,83.108,83.12,83.089,83.01,82.994,82.983,83.106,83.304,83.463,83.836,84.763,85.492,86.407,86.43,86.92,87.149,87.853,88.728,89.768,90.323,90.913,91.113,91.175,91.426,92.665,93.402,93.737,93.616,93.928,93.938,93.941,94.103,94.026,93.966,93.873,93.755,93.777,93.756,93.937,93.8,93.666,93.607,93.701,93.775,93.917,94.081,94.304,94.433,94.392,94.477,94.497,94.434,94.896,95.204,95.543,95.961,96.247,96.629,96.825,96.912,97.22,97.58,97.98,98.302,98.582,98.779,99.044,99.4,99.593,99.634,99.688,99.695,99.669,99.668,99.629,99.629,99.635,99.711,99.885,100.065,100.175,100.164,100.192,100.232,100.353,100.516,100.452,100.477,100.297,100.275,100.225,100,99.53,99.099,98.797,98.477,98.103,97.575,96.492,95.258,94.593,93.706,92.923,92.244,91.958,91.714,91.539,91.168,90.182,89.268,88.478,87.432,86.871,86.458,86.11,85.777,85.411,85.14,84.944,85.602,86.314,86.767,87.594,88.8,89.23,89.373,89.507
경기,남양주시,70.292,70.15,70.058,70.075,70.17,70.044,69.679,69.339,69.314,68.722,68.209,67.915,67.216,66.796,66.638,66.74,66.913,66.98,66.922,66.869,66.886,66.953,67.055,67.075,67.089,67.236,67.433,67.887,68.107,68.267,68.875,68.978,68.88,69.198,69.567,72.416,77.847,81.52,84.048,84.923,85.672,86.7,86.859,87.16,87.7,87.994,89.639,90.96,91.89,92.554,93.48,94.378,95.884,97.875,100.056,102.942,104.628,105.708,105.992,106.307,105.801,104.329,102.936,102.219,101.223,101.164,100.879,100.868,101.112,101.464,102.882,103.169,103.283,103.135,103.018,102.797,102.706,102.561,101.794,100.69,99.459,98.749,98.5,98.446,98.607,98.652,98.713,99.029,99.293,99.706,99.811,99.74,99.748,99.746,99.561,99.522,99.494,99.248,98.987,98.776,98.173,97.625,96.697,95.927,95.383,94.521,93.881,93.712,93.276,92.8,92.504,92.116,91.838,91.747,91.915,91.74,91.417,91.213,91.024,91.319,91.389,91.412,91.645,91.909,92.271,92.344,92.279,92.144,92.027,91.996,92.211,92.382,92.436,92.476,92.556,92.684,92.901,93.459,93.95,94.371,94.763,94.973,95.413,96.014,96.612,97.098,97.163,97.221,97.289,97.382,97.42,97.497,97.612,97.802,97.95,98.177,98.537,98.565,98.56,98.566,98.588,98.721,98.883,99.187,99.449,99.63,99.738,99.854,100,100.01,99.921,99.741,99.709,99.678,99.635,99.615,99.593,99.571,99.535,99.569,99.622,99.718,99.721,99.716,99.669,99.646,99.57,99.579,99.523,99.637,99.596,99.601,99.649,99.891,100.163,100.775,101.594,102.681,103.21,104.393,105.941,107.784,109.102,109.778
경기,구리시,67.158,66.934,66.796,66.975,67.18,67.29,67.593,67.613,67.316,66.977,66.764,66.681,66.35,65.676,65.107,65.069,65.094,64.769,64.655,64.541,64.915,64.979,64.933,64.656,64.698,64.617,64.626,64.675,64.739,65.075,65.64,66.33,66.595,66.932,68.709,73.778,83.686,87.749,88.687,88.909,89.032,89.291,88.873,88.604,88.445,88.336,88.336,88.358,88.529,88.764,89.265,89.75,91.292,93.698,95.01,96.465,97.331,97.626,97.876,97.57,96.462,95.428,94.76,94.313,94.34,94.397,94.337,94.584,94.543,94.992,96.579,96.861,96.834,96.599,96.508,96.468,96.325,96.192,95.935,95.612,95.079,94.598,94.341,94.105,93.878,93.784,93.814,94.686,95.547,95.577,95.452,95.346,95.133,95.214,95.338,95.356,95.297,95.035,95.271,95.353,95.332,94.884,94.648,94.263,93.792,93.111,92.321,91.679,90.594,90.069,88.666,87.762,87.264,87.414,87.726,87.861,87.646,87.55,87.503,88.093,88.392,88.55,88.622,89.23,89.546,89.762,89.928,89.976,89.825,89.905,90.187,90.445,90.766,90.915,91.006,91.184,91.593,92.323,92.939,93.682,94.189,94.546,95.191,95.874,96.402,96.848,96.918,96.926,96.92,96.952,96.986,97.139,97.372,97.615,97.743,97.875,98.104,98.147,98.159,98.187,98.212,98.294,98.434,98.761,98.952,99.306,99.548,99.758,100,100.12,100.311,100.558,100.761,101.221,101.884,102.289,102.632,103.536,105.71,107.099,108.622,109.403,109.931,110.056,110.139,110.294,110.214,110.392,110.709,111.025,111.558,112.067,113.161,113.714,115.548,117.156,121.778,125.836,128.012,130.312,132.589,135.168,137.23,137.998
경기,하남시,76.877,75.971,75.52,76.001,76.442,76.47,76.288,76.208,75.609,75.096,73.982,73.526,71.848,71.18,71.093,71.525,71.589,71.44,71.722,72.398,73.127,73.361,73.637,73.294,73.243,73.212,73.255,73.56,74.371,76.027,78.312,79.736,79.995,80.274,81.252,84.276,90.108,92.377,93.949,94.15,94.148,95.029,94.893,94.882,95.336,95.197,95.181,95.365,95.325,95.503,95.557,95.697,96.08,96.139,96.967,97.904,98.001,98.098,98.108,98.09,96.649,93.219,92.185,91.446,90.689,90.325,90.773,90.848,91.455,91.965,93.734,94.192,94.317,94.338,94.354,94.354,94.289,94.134,93.741,93.526,93.025,91.711,91.372,91.321,91.559,91.751,91.883,92.15,92.274,92.571,92.645,92.779,92.876,92.957,93.252,93.252,93.302,93.301,92.794,92.794,92.794,92.728,92.365,91.17,89.045,86.138,86.32,86.247,85.86,85.388,84.373,84.163,84.077,84.307,84.778,84.647,84.57,84.297,84.552,85.711,85.865,85.681,85.985,86.392,86.74,86.883,86.837,86.824,86.823,86.951,87.389,88.147,88.442,88.409,88.546,88.936,89.849,92.411,94.324,95.763,96.368,96.843,97.312,97.832,98.084,98.05,98.007,97.917,97.895,97.86,97.745,97.548,97.535,97.548,97.797,97.933,98.057,98.029,98.009,97.997,97.965,97.914,98.142,98.65,98.79,99.453,99.481,99.817,100,100.109,100.487,101.25,102.851,103.796,104.631,104.956,105.366,105.808,108.025,108.752,109.082,109.07,108.291,107.741,106.889,105.594,105.05,104.121,104.55,105.37,105.883,106.881,108.211,110.19,110.993,111.586,113.463,113.922,113.869,115.52,118.961,121.567,123.425,124.278
경기,광주시,68.895,69.582,69.039,68.815,69.487,69.886,69.946,69.887,69.787,69.48,69.347,69.173,68.704,68.319,68.215,68.275,68.654,68.842,69.238,70.006,71.099,72.222,73.331,73.469,74.23,74.427,74.84,75.359,76.209,77.648,79.71,80.607,83.22,84.817,85.836,88.318,97.23,104.407,108.597,110.656,110.952,112.24,113.192,113.53,113.49,113.369,113.217,113.115,113.115,113.092,113.016,112.769,112.863,112.509,112.839,113.247,113.287,113.287,113.384,113.113,112.44,110.47,109.009,108.311,107.37,106.935,106.196,105.853,105.871,105.813,105.519,105.823,105.536,105.536,105.427,105.253,105.065,104.785,103.8,102.876,101.987,101.109,100.695,100.174,99.28,98.895,98.956,98.857,98.857,98.881,98.881,98.881,98.653,98.686,98.859,98.88,98.88,98.796,98.411,98.398,98.375,98.29,98.066,97.631,97.345,96.714,96.299,95.972,95.701,95.659,95.483,94.945,94.87,95.357,95.359,95.196,94.823,94.476,94.228,94.335,94.436,93.769,93.993,93.577,93.539,93.013,92.644,92.515,92.523,92.477,92.49,92.596,92.904,92.942,92.985,93.254,93.77,94.282,94.712,95.133,95.582,95.873,96.239,96.637,97.063,97.278,97.345,97.411,97.44,97.494,97.588,97.7,97.708,97.801,97.834,98.2,98.387,98.502,98.475,98.488,98.591,98.907,99.337,99.499,99.677,99.719,99.821,100.036,100,99.822,99.69,99.585,99.61,99.35,98.821,98.607,98.421,98.17,98.1,98,97.977,97.985,97.916,97.877,97.759,97.66,97.618,97.505,97.299,96.891,96.836,96.894,96.903,97.036,97.122,97.191,97.197,97.42,97.856,99.698,101.407,101.893,102.59,103.096
경기,이천시,51.504,51.136,51.167,51.512,51.808,51.964,52.35,52.775,52.869,52.983,53.916,54.219,54.74,55.16,55.092,55.335,55.953,56.702,57.112,58.18,58.853,58.933,59.484,59.486,59.641,59.787,59.937,60.143,60.412,61.142,61.403,61.577,61.551,61.729,61.685,62.38,62.529,63.036,63.633,63.868,63.808,64.145,64.393,65.88,67.667,67.814,68.43,71.503,72.8,73.273,74.499,74.845,78.927,80.969,82.41,83.947,84.843,85.182,85.334,85.757,84.561,82.745,81.26,80.291,79.685,79.463,79.46,79.605,80.115,81.007,81.772,82.055,81.949,81.898,81.757,81.346,81.34,81.233,80.999,80.741,80.464,80.282,80.261,80.206,80.164,80.572,80.902,81.05,82.271,84.357,84.399,85.026,85.506,85.699,86.603,87.058,87.054,87.138,87.595,87.762,87.749,87.803,87.971,87.936,87.689,87.127,87.276,86.808,86.574,86.502,86.502,86.771,86.983,87.417,87.727,87.903,88.039,88.068,88.338,88.771,88.931,89.322,90.393,90.801,91.214,91.28,91.251,91.349,91.615,91.799,92.054,92.198,92.476,92.722,92.907,93.463,93.918,94.666,95.247,95.888,96.255,96.577,97.088,97.618,97.969,98.26,98.488,98.564,98.664,98.889,99.129,99.204,99.212,99.292,99.457,99.687,100.054,100.097,100.069,100.139,100.2,100.3,100.308,100.321,100.236,100.103,100.131,100.201,100,99.981,99.852,99.89,99.924,99.804,99.522,99.442,99.443,99.364,99.201,98.839,98.664,98.29,97.867,97.395,96.721,95.782,95.188,94.607,94.289,94.059,93.831,93.687,93.464,93.256,92.652,92.453,92.365,92.129,92.047,92.021,92.113,92.106,92.3,92.346
경기,여주시,-,-,-,-,-,-,-,-,-,-,-,-,-,-,-,-,-,-,-,-,-,-,-,-,-,-,-,-,-,-,-,-,-,-,-,-,-,-,-,-,-,-,-,-,-,-,-,-,-,-,-,-,-,-,-,-,-,-,-,-,-,-,-,-,-,-,-,-,-,-,-,-,-,-,-,-,-,-,-,-,-,-,-,-,-,-,-,-,-,-,-,-,-,-,-,-,-,-,93.229,93.229,93.285,93.33,93.368,93.218,93.253,93.348,92.824,92.762,92.47,92.467,92.856,92.805,92.702,92.726,93.573,93.766,93.832,93.739,93.73,94.19,94.537,94.604,94.745,95.02,95.959,95.763,95.734,95.579,95.486,95.492,95.52,95.607,95.635,95.585,96.112,96.139,96.279,96.387,96.466,96.626,96.853,96.894,96.994,97.245,97.444,97.649,97.678,97.729,97.757,97.963,98.309,98.565,98.622,98.807,98.988,99.197,99.473,99.488,99.51,99.507,99.667,99.822,99.941,100.064,100.212,100.237,100.248,100.369,100,100.025,99.9,99.65,99.635,99.568,99.568,99.316,99.232,99.003,98.745,98.528,98.182,97.608,96.391,96.168,95.644,94.863,93.823,93.35,92.995,92.621,92.211,91.831,91.429,90.903,90.435,89.95,89.594,89.445,89.216,89.216,89.124,89.033,88.922,88.785
경기,김포시,78.306,77.459,77.035,76.538,76.384,76.38,76.353,76.29,75.702,75.431,75.194,74.362,73.195,72.826,72.374,72.276,72.196,71.917,71.983,71.705,71.857,71.834,72.244,72.221,73.706,74.575,74.849,75.802,76.643,79.575,82.139,82.896,83.393,84.082,85.037,87.945,96.206,98.913,102.38,103.265,103.451,103.684,102.958,102.222,102.262,102.308,102.299,102.461,102.166,101.899,101.792,101.885,101.869,102.75,103.751,104.845,105.876,106.455,107.19,107.386,107.458,106.639,105.924,105.804,104.414,104.338,103.179,102.951,102.94,103.112,104.032,103.622,103.542,103.793,103.482,103.466,103.361,102.702,101.873,101.367,100.148,99.124,98.524,98.053,97.848,97.752,97.493,97.539,97.518,97.395,96.508,95.869,95.348,94.841,93.997,93.874,93.751,93.457,93.417,93.417,92.349,91.66,90.487,89.779,89.091,88.131,87.013,86.263,86.062,85.324,84.279,84,83.968,83.793,84.161,83.959,83.222,82.711,82.886,84.501,84.533,84.587,85.211,86.234,87.082,86.603,86.398,86.486,86.039,85.779,86.387,86.75,86.94,86.999,87.099,87.829,88.879,90.663,91.457,93.177,94.237,94.543,95.354,95.937,96.327,96.406,96.374,96.305,96.269,96.247,96.252,96.269,96.275,96.286,96.358,96.889,97.327,97.403,97.333,97.174,96.968,96.858,97.001,97.323,97.953,98.613,98.884,99.445,100,100.27,100.511,100.796,100.93,100.686,100.627,100.657,100.602,100.316,100.14,100.41,101.144,101.228,101.079,100.995,100.929,100.734,100.512,100.314,100.128,99.945,99.794,99.689,99.766,99.887,99.945,100.002,100.094,100.097,100.066,100.178,103.146,103.914,104.256,104.531
경기,고양시,66.023,65.76,65.475,65.58,65.7,65.969,65.884,65.914,65.832,65.489,65.295,65.205,64.654,64.378,64.241,64.284,64.502,64.64,64.793,65.628,67.531,68.239,68.624,68.755,68.649,68.749,69.222,69.762,70.252,71.348,74.798,77.376,78.252,79.201,80.458,84.604,92.975,96.185,97.672,97.995,98.223,97.904,97.465,97.407,97.115,96.884,96.781,96.697,96.472,96.326,96.433,96.571,97.207,99.421,100.771,102.976,103.521,103.637,104.164,103.829,102.344,100.718,99.322,98.918,98.155,98.066,98.406,98.619,98.822,99.126,99.706,100.171,100.173,99.941,99.854,99.767,99.529,98.904,97.841,96.868,95.148,94.323,93.897,93.467,93.263,93.224,93.171,93.485,93.731,93.691,93.748,93.624,93.413,93.127,93.01,92.927,92.899,92.766,92.468,92.483,92.332,91.904,91.491,90.795,90.063,88.767,87.867,87.383,86.924,86.519,86.042,85.428,84.914,84.296,84.243,84.143,84.073,84.052,84.232,84.754,84.91,85.237,85.642,86.004,86.497,86.668,86.458,86.336,86.355,86.711,87.189,87.778,88.092,88.341,88.594,89.233,89.898,90.628,91.309,91.909,92.461,93.173,93.924,94.765,95.249,95.433,95.442,95.451,95.448,95.447,95.52,95.647,95.776,95.943,96.124,96.941,97.484,97.581,97.536,97.446,97.461,97.64,97.806,98.07,98.816,99.9,99.854,99.905,100,99.826,99.622,99.435,99.276,99.199,99.092,98.924,98.682,98.406,98.594,99.255,99.741,99.706,99.616,99.531,99.338,98.873,98.508,98.103,97.62,97.128,96.899,96.731,96.717,97.114,97.551,97.776,98.155,98.608,99.027,99.857,101.56,102.599,103.262,103.936
경기,파주시,71.628,71.672,71.513,71.191,71.236,71.699,71.334,71.662,71.554,71.098,70.88,70.906,70.188,69.951,69.779,69.733,70.085,70.363,70.57,70.741,72.761,72.832,73.332,73.53,73.675,73.689,73.915,74.423,74.771,75.261,76.039,77.211,78.365,79.858,83.586,88.554,100.015,107.166,108.764,108.951,108.927,108.444,108.437,108.317,108.122,107.904,108.047,108.105,107.64,107.688,107.499,107.424,108.039,108.515,110.072,112.242,112.94,114.146,115.981,116.154,114.836,113.013,110.364,109.488,109.304,108.906,109.143,109.198,109.412,108.871,109.09,109.09,109.039,108.723,108.156,107.695,107.005,106.707,105.736,104.88,103.493,102.483,102.155,101.947,101.558,101.721,101.785,102.063,102.263,102.273,102.476,102.302,102.761,102.742,102.725,102.725,102.651,102.29,101.407,101.407,100.095,99.157,98.792,97.801,95.918,94.659,94.159,93.514,93.094,92.193,91.526,91.081,90.741,89.612,89.7,89.213,88.888,88.933,89.387,89.76,90.061,90.025,90.499,91.168,91.754,91.474,90.84,90.712,90.327,90.193,90.676,91.043,91.14,91.159,91.169,91.485,91.788,92.347,92.649,93.188,93.541,93.895,94.699,95.495,96.217,96.519,96.538,96.537,96.533,96.549,96.609,96.711,96.776,96.912,97.085,97.363,97.867,97.902,97.831,97.7,97.699,97.854,98.001,98.159,98.599,99.25,99.43,99.659,100,99.861,99.814,99.806,99.809,99.808,100.035,100.066,99.948,99.485,98.881,98.47,98.199,97.354,96.881,96.628,96.46,96.144,95.856,95.634,95.187,94.786,94.527,94.341,94.257,94.222,94.127,94.137,94.036,93.956,93.846,93.741,95.2,95.738,95.913,95.732
경기,포천시,-,-,-,-,-,-,-,-,-,-,-,-,-,-,-,-,-,-,-,-,-,-,-,-,-,-,-,-,-,-,-,-,-,-,-,-,-,-,-,-,-,-,-,-,-,-,-,-,-,-,-,-,-,-,-,-,-,-,-,-,-,-,-,-,-,-,-,-,-,-,-,-,-,-,-,-,-,-,-,-,-,-,-,-,-,-,-,-,-,-,-,-,-,-,-,-,-,-,95.769,95.707,96.026,96.026,96.005,96.005,96.005,95.599,94.965,94.138,92.861,92.82,92.395,92.315,92.391,92.663,93.448,93.874,93.447,92.897,92.541,92.852,93.329,93.356,92.921,93.29,93.805,93.774,93.503,93.441,93.263,93.188,93.516,93.869,93.984,94.142,94.257,94.315,94.608,95.166,95.502,95.929,96.47,96.623,97.069,97.26,97.609,97.536,97.528,97.416,97.301,97.315,97.424,97.682,97.781,97.869,97.931,98.213,98.568,98.688,98.674,98.676,98.695,98.813,99.217,99.463,99.674,99.704,99.826,99.896,100,99.941,99.851,99.686,99.459,99.117,98.393,98.193,97.968,97.743,97.513,97.304,96.487,96.166,96.101,96.031,95.79,95.692,95.447,95.341,94.847,94.752,94.409,94.366,94.368,94.112,93.782,93.484,93.3,93.002,92.791,92.923,93.029,93.065,93.063,93.116
경기,동두천시,62.637,61.344,61.344,61.283,61.432,61.612,61.428,61.136,60.461,58.9,58.133,58.133,57.253,56.168,55.413,55.413,55.785,55.785,55.046,55.046,55.046,55.178,55.178,55.163,55.191,57.378,57.312,57.312,57.312,56.971,56.581,57.207,57.133,56.978,56.806,57.11,57.838,59.893,61.665,62.55,63.025,63.091,64.47,65.687,66.391,67.043,68.442,74.989,75.816,78.793,80.153,88.647,93.375,98.64,103.367,106.961,110.321,116.661,119.192,119.645,117.302,116.727,116.727,116.406,116.175,115.639,115.623,115.547,115.463,115.463,115.457,115.457,115.261,114.798,114.023,114.105,113.928,113.57,111.49,109.171,108.57,108.097,107.896,107.664,107.664,107.664,107.664,107.618,107.842,108.016,108.145,108.016,108.164,108.199,108.031,107.775,107.679,107.679,107.679,107.679,106.854,106.854,106.225,106.225,103.442,102.67,102.418,100.051,99.766,99.895,99.075,97.277,96.334,96.288,96.082,95.885,95.549,95.229,95.096,95.175,95.23,95.178,95.292,95.269,95.698,95.766,95.454,95.302,95.105,94.94,95.036,95.186,95.359,95.528,95.411,95.483,95.571,95.922,96.056,96.203,96.096,96.072,96.05,96.071,96.178,96.315,96.294,96.278,96.23,96.421,96.609,96.711,96.964,97.161,97.28,97.404,97.868,97.991,98.052,98.064,98.093,98.318,98.705,99.059,99.328,99.588,99.737,99.852,100,100.082,100.149,100.039,100.07,100.033,99.808,99.684,99.635,99.411,99.373,98.985,98.838,98.735,98.639,98.514,98.447,98.312,98.203,98.18,97.872,97.511,97.146,96.885,96.636,96.503,96.334,95.952,95.89,95.641,95.467,95.058,95.133,95.227,95.229,95.171
경기,양주시,68.278,67.703,67.486,67.469,67.47,67.426,67.445,67.43,66.476,66.453,66.258,65.992,65.662,65.471,65.554,65.554,65.511,65.533,65.342,65.34,65.385,64.71,64.2,63.889,63.507,63.382,63.081,63.015,63.054,62.904,62.78,62.818,62.811,62.714,62.516,63.03,65.043,66.929,67.956,69.85,70.011,70.456,70.758,71.045,71.968,72.507,73.613,74.253,76.688,78.141,79.981,81.649,85.465,92.625,96.168,103.844,108.405,111.265,112.32,113.075,112.674,111.94,110.826,110.267,109.005,108.324,107.967,107.883,107.952,108.168,109.68,111.728,111.667,111.64,111.598,111.346,110.439,108.951,107.906,106.084,104.709,104.108,103.955,103.332,102.91,102.91,102.711,102.996,103.302,103.314,103.396,103.429,102.992,102.87,102.817,102.95,103.005,102.989,101.917,101.84,101.507,101.253,101.279,101.279,99.984,99.984,98.626,98.57,97.215,95.629,93.37,93.067,92.686,93.024,93.311,93.507,92.764,92.253,92.282,92.576,92.773,92.615,92.634,92.492,92.565,92.374,92.255,92.047,91.871,91.694,91.758,91.842,91.95,92.057,92.164,92.217,92.464,92.776,92.962,93.33,93.561,93.986,94.454,94.97,95.553,95.864,95.971,96.092,96.24,96.508,96.7,96.992,97.213,97.405,97.654,98.12,98.498,98.633,98.613,98.616,98.648,98.755,98.977,99.195,99.404,99.699,99.731,99.794,100,100,99.996,100.069,100.086,100.14,100.119,100.013,99.93,99.693,99.562,99.504,99.269,99.183,99.266,99.241,99.102,98.315,97.853,97.255,96.631,96.307,96.2,95.869,95.663,95.509,95.591,95.719,95.893,95.795,95.994,96.993,97.181,97.357,97.591,97.96
경기,의정부시,57.547,58.285,57.482,57.609,57.818,58.122,58.174,57.654,56.951,57.377,57.127,57.004,56.264,55.772,55.382,55.671,55.451,55.297,55.232,55.15,55.069,55.064,54.996,54.886,54.659,54.49,54.388,54.339,54.285,54.238,54.13,53.959,53.917,53.983,53.914,54.533,56.736,60.757,66.907,69.744,70.739,72.908,73.689,74.099,74.504,75.116,76.234,79.358,80.573,81.924,84.31,85.541,88.582,97.188,103.394,106.953,109.036,110.861,111.89,112.851,112.708,112.653,112.258,111.395,110.66,109.62,109.349,109.251,108.642,108.819,109.05,109.04,108.985,108.985,108.832,108.507,107.817,107.467,106.428,105.495,104.558,103.506,103.15,102.747,102.451,102.154,102.154,102.25,102.331,102.195,102.077,101.879,101.938,101.829,101.618,101.444,100.931,100.931,99.198,99.374,99.299,99.1,98.795,98.745,97.639,97.163,96.98,96.367,96.029,95.191,94.417,94.026,93.421,92.83,92.825,92.578,91.755,91.305,91.229,91.376,91.267,91.072,91.165,91.305,91.399,91.232,91.144,91.072,91.013,90.989,91.083,91.27,91.46,91.573,91.703,91.831,92.002,92.573,92.93,93.526,94.004,94.545,95.147,95.593,96.116,96.311,96.378,96.372,96.402,96.644,96.964,97.382,97.603,97.845,97.962,98.264,98.481,98.573,98.584,98.573,98.619,98.725,99.015,99.241,99.45,99.628,99.743,99.812,100,100.049,100.056,100.065,100.089,100.09,100.131,100.179,100.191,100.215,100.205,100.21,100.264,100.259,100.235,100.191,100.146,100.087,100.035,99.932,99.912,99.854,99.84,99.919,99.972,100.114,100.164,100.217,100.297,100.368,100.501,100.97,101.733,102.615,103.507,104.208
인천,중구,68.289,68.128,67.775,68.154,68.329,68.311,68.321,70.738,71.328,71.966,71.966,72.342,72.306,72.498,72.744,72.96,72.903,73.491,73.648,73.391,73.295,73.295,73.311,73.51,73.51,73.51,73.847,73.847,74.25,74.227,74.97,76.811,77.408,77.652,78.711,79.539,81.384,82.605,84.375,85.693,85.714,85.747,86.346,86.614,87.809,88.479,88.96,89.271,90.261,91.017,92.141,93.862,94.19,96.734,97.064,97.408,99.213,101.127,103,104.242,104.594,103.897,104.09,103.9,104.975,104.958,105.351,105.302,104.662,104.911,105.386,105.727,105.727,105.701,105.634,105.634,105.634,105.517,104.625,104.625,103.112,103.053,103.032,102.559,102.1,101.988,101.404,101.404,101.828,102.063,101.617,101.912,101.735,101.69,101.424,101.258,100.865,100.84,100.84,100.467,100.636,100.591,100.317,100.246,99.988,98.136,97.003,96.418,95.547,94.652,93.308,92.565,92.235,91.844,91.307,91.287,91.081,90.754,90.263,90.514,91.096,90.604,90.358,90.895,92.076,93.306,94.373,94.866,95.165,95.424,95.607,95.706,95.808,95.949,96.005,96.171,96.322,96.565,96.72,96.919,97.296,97.672,98.099,98.531,98.836,99.147,99.369,99.334,99.33,99.343,99.394,99.428,99.536,99.708,99.825,100.039,100.098,100.116,100.1,100.078,100.135,100.124,100.124,100.133,100.02,99.924,99.928,99.96,100,99.938,99.924,99.947,99.891,99.635,99.442,99.097,98.735,98.143,97.781,97.483,97.102,96.791,96.248,95.96,95.58,94.895,94.146,93.625,93.455,93.456,93.711,93.897,93.91,94.566,94.542,94.712,95.609,96.612,97.143,97.719,98.129,98.017,98.291,98.549
인천,동구,62.572,62.538,62.143,62.269,63.977,64.735,65.542,65.822,65.349,64.847,64.542,64.5,64.466,64.37,64.259,64.259,64.223,64.199,64.698,65.277,65.277,65.299,65.297,65.297,65.102,65.563,65.154,65.154,65.154,65.127,65.292,65.684,65.466,65.397,65.172,65.308,66.198,66.692,66.835,67.076,67.522,68.717,69.285,69.353,69.719,70.709,70.947,72.244,73.81,76.178,77.09,78.969,82.498,86.608,87.53,89.739,91.476,92.854,97.228,98.927,99.283,99.283,100.263,100.091,99.647,99.612,99.527,99.527,99.452,99.454,99.237,99.312,99.326,99.326,99.286,99.286,99.286,99.221,99.187,98.669,98.146,98.123,98.023,97.818,97.801,97.801,97.801,97.801,97.869,97.913,97.888,97.888,97.865,97.865,97.764,97.764,97.731,97.473,97.473,97.473,97.473,97.473,97.473,97.332,96.265,95.868,95.221,94.967,94.28,93.775,92.976,91.926,91.785,92.094,92.391,92.253,91.911,91.33,91.331,91.475,91.547,91.456,91.838,92.079,93.027,92.602,92.647,92.775,93.005,93.081,93.327,93.438,93.659,93.714,93.778,93.924,94.22,94.577,94.913,95.47,95.637,95.741,95.937,96.218,96.869,97.276,97.503,97.511,97.507,97.57,97.704,97.844,98.054,98.208,98.291,98.46,98.562,98.636,98.672,98.65,98.696,98.869,99.005,99.141,99.26,99.428,99.688,99.832,100,99.993,99.937,99.935,99.913,99.786,99.609,99.334,99.063,98.981,98.955,98.904,98.878,98.913,98.9,98.695,98.348,98.29,98.094,97.732,97.628,97.45,97.819,97.874,97.886,97.609,97.387,97.161,97.325,97.57,97.827,98.243,98.42,98.524,98.526,98.626
인천,남구,69.162,68.756,68.365,68.321,68.414,68.491,68.592,68.457,68.478,68.212,68.076,67.824,67.479,67.241,67.04,66.948,67.006,67.064,67.163,67.176,67.19,67.19,67.134,67.076,66.836,66.649,66.518,66.507,66.514,66.692,66.787,66.747,66.656,66.711,66.693,66.733,67.346,67.665,68.515,69.06,69.503,70.262,71.147,72.434,73.613,74.116,75.148,76.838,78.585,79.611,81.432,82.736,84.347,86.965,88.825,91.19,93.299,95.18,97.534,99.143,99.054,98.911,98.692,97.972,98.042,97.522,97.823,98.036,98.279,98.493,98.696,98.74,98.793,98.665,98.983,98.885,98.865,98.859,98.787,98.629,98.492,98.361,98.288,98.238,98.221,98.132,98.018,98.031,97.987,98.003,97.934,97.925,97.813,97.856,98.097,98.033,98.054,98.044,97.839,97.741,97.527,97.368,97.137,96.384,95.64,95.41,94.962,94.636,94.08,93.552,93.168,92.789,92.323,92.333,92.345,92.122,91.927,91.81,91.765,91.899,92.068,92.234,92.158,92.309,92.458,92.317,92.252,92.244,92.266,92.447,92.776,92.903,93.196,93.331,93.359,93.468,93.885,95.022,95.53,95.893,96.024,96.188,96.507,96.944,97.056,97.159,97.164,97.194,97.232,97.255,97.343,97.694,97.81,97.933,98.05,98.135,98.28,98.302,98.307,98.307,98.337,98.399,98.442,98.542,98.68,99.262,99.565,99.799,100,100.069,100.184,100.293,100.387,100.416,100.37,100.397,-,-,-,-,-,-,-,-,-,-,-,-,-,-,-,-,-,-,-,-,-,-,-,-,-,-,-,-
인천,미추홀구,-,-,-,-,-,-,-,-,-,-,-,-,-,-,-,-,-,-,-,-,-,-,-,-,-,-,-,-,-,-,-,-,-,-,-,-,-,-,-,-,-,-,-,-,-,-,-,-,-,-,-,-,-,-,-,-,-,-,-,-,-,-,-,-,-,-,-,-,-,-,-,-,-,-,-,-,-,-,-,-,-,-,-,-,-,-,-,-,-,-,-,-,-,-,-,-,-,-,-,-,-,-,-,-,-,-,-,-,-,-,-,-,-,-,-,-,-,-,-,-,-,-,-,-,-,-,-,-,-,-,-,-,-,-,-,-,-,-,-,-,-,-,-,-,-,-,-,-,-,-,-,-,-,-,-,-,-,-,-,-,-,-,-,-,-,-,-,-,-,-,-,-,-,-,-,-,100.325,100.183,100.193,100.358,100.497,100.734,100.746,100.611,100.648,100.571,100.447,100.324,100.268,100.09,100.097,100.1,100.193,100.826,100.866,101.419,103.13,104.381,104.771,105.09,105.377,105.607,106.125,106.549
인천,연수구,70.951,70.519,70.483,70.636,70.91,70.998,70.857,70.57,70.365,70.133,69.818,69.44,68.794,68.361,68.03,68.144,68.4,68.295,68.428,68.417,68.269,68.267,67.745,67.66,67.493,67.444,67.414,67.599,67.882,68.167,68.604,68.839,69.031,69.058,69.435,70.061,73.179,77.419,80.083,80.786,81.175,81.851,83.756,85.213,86.798,88.184,88.988,90.513,91.431,91.918,92.199,92.702,92.93,93.685,94.62,95.856,96.866,96.958,97.188,97.062,96.518,95.795,95.038,94.855,94.412,94.089,93.842,94.026,94.254,94.42,95.066,95.21,95.438,95.299,95.238,95.175,95.277,95.057,94.807,94.256,93.803,93.137,92.935,92.815,92.461,92.367,92.336,92.3,92.479,92.413,92.33,92.126,91.415,90.952,90.865,90.786,90.529,90.319,89.883,89.335,89.071,89.071,88.873,88.757,88.1,87.356,87.028,86.422,86.203,85.74,84.61,84.138,83.9,84.329,84.958,85.166,85.346,85.32,85.423,86.462,87.09,87.367,87.774,88.133,88.843,89.225,89.391,89.431,89.561,89.716,90.077,90.357,90.585,90.804,91.105,91.432,92.312,93.402,94.16,94.958,95.381,95.685,96.104,96.329,96.709,96.898,96.93,96.934,96.911,97.011,97.026,97.043,97.141,97.242,97.267,97.362,97.497,97.584,97.581,97.56,97.624,97.742,97.818,98.11,98.368,98.904,99.324,99.667,100,100.03,100.043,100.318,100.457,100.571,100.676,100.845,100.589,99.871,99.748,99.731,99.626,99.287,98.957,98.734,98.427,97.892,97.295,96.915,96.641,96.137,96.396,96.591,96.833,97.638,98.107,99.117,102.861,105.127,106.3,108.224,109.332,109.478,109.718,109.806
인천,남동구,69.63,69.101,68.939,69.272,69.394,69.53,69.781,69.704,69.743,69.292,69.237,69.145,68.546,67.951,67.735,67.601,67.717,68.05,67.926,67.916,67.911,67.521,67.214,66.789,66.766,66.587,66.519,66.476,66.413,66.454,66.58,66.5,66.559,66.539,66.64,67.053,67.738,69.068,71.014,71.263,71.518,71.644,71.967,72.642,73.379,74.678,75.81,77.454,80.082,82.287,84.106,85.057,87.418,89.977,91.783,95.013,96.975,98.217,100.647,101.432,101.64,101.352,101.151,100.886,99.663,99.265,99.259,98.962,98.534,98.509,98.882,99.704,99.993,99.764,99.747,99.768,99.917,99.96,100.076,100.464,99.861,99.397,99.363,99.365,99.261,99.251,99.283,99.216,99.164,99.234,98.941,98.708,98.316,98.231,98,97.563,97.422,97.317,97.259,97.259,97.259,97.259,97.311,97.311,97.116,96.57,95.651,95.156,94.692,94.021,93.624,92.847,92.399,92.501,92.709,92.579,92.405,92.085,91.985,92.223,92.278,92.687,92.908,93.044,93.473,93.541,93.583,93.609,93.685,93.778,94.033,94.275,94.451,94.494,94.572,94.776,95.09,95.708,96.137,96.741,97.081,97.121,97.227,97.469,97.638,97.855,97.876,97.796,97.923,97.994,97.944,97.996,98.133,98.352,98.509,98.572,98.74,98.803,98.796,98.664,98.62,98.668,98.722,98.783,98.915,99.299,99.564,99.747,100,100.05,100.093,100.16,100.219,100.129,100.104,100.151,100.089,100.011,100.041,100.246,100.483,100.528,100.465,100.392,100.504,100.467,100.399,100.361,100.249,100.01,100.101,100.179,100.251,100.697,100.904,101.041,103.197,105.484,107.007,108.433,108.978,108.936,108.756,108.812
인천,부평구,66.743,65.942,65.934,65.954,65.902,65.956,65.977,65.504,64.992,64.357,63.516,63.219,62.62,61.696,61.06,61.197,61.669,62.207,62.392,62.356,62.433,62.486,62.53,62.339,62.201,62.167,62.171,62.203,62.352,62.617,62.793,62.865,62.914,63.142,63.313,64.566,67.402,69.615,71.916,72.754,72.919,73.26,73.923,74.27,75.23,75.683,76.366,77.635,78.809,79.695,81.007,81.82,82.988,85.306,86.969,91.266,94.781,95.652,96.719,96.906,96.558,95.373,94.68,93.804,93.629,93.716,93.918,93.653,93.628,93.808,94.975,95.502,95.708,95.518,95.386,95.314,95.224,94.905,94.581,94.121,93.603,93.416,93.146,93.021,92.949,92.92,92.921,92.967,93.13,93.268,93.273,93.125,93.026,92.935,92.75,92.397,92.301,92.07,91.83,91.743,91.547,91.166,90.411,89.917,89.29,88.821,88.504,88.098,87.36,86.683,85.984,85.48,84.767,84.655,84.63,84.627,84.745,84.665,84.803,85.472,85.957,86.334,86.81,87.15,87.798,88.134,88.135,88.167,88.222,88.394,88.975,89.334,89.625,89.867,90.015,90.289,90.739,91.392,91.85,92.245,92.789,93.372,93.985,94.571,95.303,95.711,95.714,95.757,95.827,95.98,96.205,96.525,96.81,97.273,97.498,97.888,98.279,98.366,98.308,98.179,98.256,98.386,98.534,98.898,99.032,99.423,99.716,99.885,100,99.887,99.734,99.833,99.839,99.803,99.644,99.522,99.316,98.872,98.818,99.041,99.429,99.947,99.998,99.941,99.735,100.038,100.374,100.788,100.841,100.611,100.679,100.737,101.279,101.745,101.963,102.402,104.619,106.197,107.145,108.612,109.58,110.313,111.102,111.698
인천,계양구,61.924,61.82,61.775,61.984,61.837,61.963,61.841,61.829,61.666,61.295,60.998,60.441,60.096,59.945,59.622,59.536,59.651,59.854,59.921,59.89,59.835,60.037,60.042,59.968,59.768,59.736,59.567,59.469,59.42,59.56,59.557,59.69,59.822,59.979,60.148,61.105,63.861,66.424,68.438,68.98,69.577,70.35,70.772,71.248,71.779,72.751,73.743,74.273,74.944,75.264,76.152,77.323,79.053,85.131,89.037,93.344,97.295,98.909,100.804,101.671,101.598,100.877,100.26,99.867,99.369,98.568,98.358,98.361,98.288,98.475,98.838,98.909,98.83,98.618,98.584,98.499,98.509,98.181,97.46,96.888,96.075,95.796,95.387,95.348,95.226,95.095,95.056,95.153,95.121,95.092,95.211,94.989,94.776,94.683,94.56,94.166,93.899,93.639,93.51,93.291,93.205,92.316,91.833,91.45,90.608,90.141,89.83,89.609,89.202,88.696,88.011,87.527,87.392,87.635,87.569,87.677,87.517,87.606,87.565,88.314,88.854,89.243,89.777,90.125,90.87,90.834,91.067,91.176,91.407,91.801,92.103,92.401,92.703,92.845,93.043,93.261,93.486,93.953,94.402,95.003,95.414,95.638,95.96,96.433,96.738,97.047,97.128,97.138,97.177,97.293,97.379,97.47,97.561,97.694,97.801,98.031,98.24,98.387,98.374,98.356,98.322,98.303,98.356,98.513,98.593,99.213,99.619,99.806,100,100.029,100.033,100.058,100.033,99.962,99.872,99.756,99.66,99.28,98.983,98.88,99.217,99.679,99.86,99.828,100.298,100.976,101.359,101.58,101.6,101.277,101.58,101.818,101.918,102.233,102.649,102.843,103.332,104.102,104.863,105.66,106.047,106.273,106.563,106.845
인천,서구,65.399,64.943,64.601,64.592,64.624,64.956,64.746,64.867,66.237,66.177,66.209,66.092,65.807,65.274,65.076,65.005,65.477,65.781,66.281,66.59,66.763,67.116,67.292,67.599,67.575,67.764,68.263,68.599,69.029,69.99,70.619,71.348,71.634,72.189,72.699,75.071,80.63,85.262,87.05,87.818,87.752,88.537,88.94,89.185,89.892,90.472,90.974,92.05,92.772,93.732,94.566,94.965,96.436,97.779,99.501,101.266,104.404,107.24,109.69,109.957,109.916,108.413,107.834,106.913,106.241,106.048,105.942,106.371,106.569,106.394,106.804,106.945,106.94,107.157,107.235,107.205,107.237,106.843,106.168,105.171,104.328,103.566,102.85,102.582,102.105,102.022,101.954,101.953,102.074,102.059,102.052,101.722,101.359,101.047,99.869,99.027,97.831,97.741,97.608,97.043,96.475,96.559,95.703,94.318,93.715,92.687,92.112,90.685,90.256,89.676,88.843,88.546,88.519,88.968,88.871,88.917,88.695,88.517,89.029,90.075,90.583,90.528,90.705,91.181,91.669,92.065,92.234,92.19,92.206,92.283,92.482,92.758,93.061,93.127,93.242,93.486,93.928,94.591,95.289,96.333,96.693,97.095,97.481,97.689,97.936,98.1,98.134,98.09,98.1,98.083,98.098,98.207,98.338,98.526,98.607,98.84,99.027,99.098,99.108,98.947,98.96,99.006,99.063,99.014,99.095,99.313,99.603,99.811,100,99.9,99.883,99.815,99.807,99.779,99.661,99.534,99.406,99.267,99.209,99.256,99.479,99.92,99.918,99.825,99.546,99.19,99.034,98.983,99.008,99.002,99.217,99.186,99.735,100.042,100.116,101.044,105.213,106.42,106.979,108.023,108.814,109.007,109.115,109.338
